-- phpMyAdmin SQL Dump
-- version 4.9.1deb2
-- https://www.phpmyadmin.net/
--
-- Host: localhost:3306
-- Generation Time: Jul 01, 2020 at 05:17 PM
-- Server version: 5.7.29-0ubuntu0.18.04.1
-- PHP Version: 7.2.24-0ubuntu0.18.04.3

SET SQL_MODE = "NO_AUTO_VALUE_ON_ZERO";
SET AUTOCOMMIT = 0;
START TRANSACTION;
SET time_zone = "+00:00";


/*!40101 SET @OLD_CHARACTER_SET_CLIENT=@@CHARACTER_SET_CLIENT */;
/*!40101 SET @OLD_CHARACTER_SET_RESULTS=@@CHARACTER_SET_RESULTS */;
/*!40101 SET @OLD_COLLATION_CONNECTION=@@COLLATION_CONNECTION */;
/*!40101 SET NAMES utf8mb4 */;

--
-- Database: `napoleon`
--

-- --------------------------------------------------------

--
-- Table structure for table `admin`
--
-- test@123
CREATE TABLE `admin` (
  `adminid` int(11) NOT NULL,
  `admin_role_id` int(11) NOT NULL,
  `adminname` varchar(50) NOT NULL,
  `adminemail` varchar(255) NOT NULL,
  `adminpassword` varchar(255) NOT NULL COMMENT 'cc03e747a6afbbcbf8be7668acfebee5',
  `admin_active` enum('Disable','Enable') NOT NULL,
  `insertip` varchar(20) NOT NULL,
  `insertdatetime` datetime NOT NULL,
  `editip` varchar(20) NOT NULL,
  `editdatetime` datetime NOT NULL,
  `timestamp` timestamp NOT NULL DEFAULT CURRENT_TIMESTAMP,
  `token` varchar(255) NOT NULL
) ENGINE=InnoDB DEFAULT CHARSET=utf8;

--
-- Dumping data for table `admin`
--

INSERT INTO `admin` (`adminid`, `admin_role_id`, `adminname`, `adminemail`, `adminpassword`, `admin_active`, `insertip`, `insertdatetime`, `editip`, `editdatetime`, `timestamp`, `token`) VALUES
(1, 1, 'Nimesh Patel', 'nimesh@ashapurasoftech.com', 'ceb6c970658f31504a901b89dcd3e461', '', '', '0000-00-00 00:00:00', '127.0.0.1', '2015-08-12 06:06:18', '2015-06-27 22:46:47', '28324c62d5885358efa6dd38ada572da');

-- --------------------------------------------------------

--
-- Table structure for table `admin_role`
--

CREATE TABLE `admin_role` (
  `role_id` int(11) NOT NULL,
  `role_name` enum('Master Admin','Admin') NOT NULL,
  `role_active` enum('Disable','Enable') NOT NULL,
  `createdby` bigint(20) NOT NULL,
  `createddate` datetime NOT NULL,
  `modifiedby` bigint(20) NOT NULL,
  `modifieddate` datetime NOT NULL
) ENGINE=InnoDB DEFAULT CHARSET=latin1;

--
-- Dumping data for table `admin_role`
--

INSERT INTO `admin_role` (`role_id`, `role_name`, `role_active`, `createdby`, `createddate`, `modifiedby`, `modifieddate`) VALUES
(1, 'Master Admin', 'Enable', 1, '2016-03-18 03:06:06', 0, '0000-00-00 00:00:00'),
(2, 'Admin', 'Enable', 1, '2016-03-18 14:26:23', 0, '0000-00-00 00:00:00');

-- --------------------------------------------------------

--
-- Table structure for table `lead`
--

CREATE TABLE `lead` (
  `id` int(11) NOT NULL,
  `v_firstname` varchar(255) NOT NULL,
  `v_lastname` varchar(255) NOT NULL,
  `i_phonenumber` int(11) NOT NULL,
  `v_email` varchar(255) NOT NULL
) ENGINE=InnoDB DEFAULT CHARSET=latin1;

--
-- Dumping data for table `lead`
--

INSERT INTO `lead` (`id`, `v_firstname`, `v_lastname`, `i_phonenumber`, `v_email`) VALUES
(2, 'abc', 'abc', 123456789, 'abc@gmail.com'),
(3, 'asas', 'demo', 567756, 'demo@gmail.com'),
(5, 'gd', 'as', 456, 'dg'),
(8, 'abc', 'abc', 1234, 'abc@gmail.com'),
(13, 'test', 'test', 1234, 'test@gmail.com'),
(15, 'abcdefg', 'abcdefg', 9087654, 'abcdefg@gmail.com'),
(16, 'rtyuu', 'rtyrty', 4564, 'etert@gmail.com'),
(22, 'abababab', 'aabababab', 2147483647, 'abcdefg@gmail.com'),
(23, 'aaa', 'aaa', 2147483647, 'test@gmail.com'),
(24, '', '', 0, '');

-- --------------------------------------------------------

--
-- Table structure for table `mail_templates`
--

CREATE TABLE `mail_templates` (
  `id` bigint(20) NOT NULL,
  `title` text NOT NULL,
  `variables` text NOT NULL,
  `subject` varchar(255) NOT NULL,
  `mailformat` text NOT NULL,
  `insertdatetime` timestamp NOT NULL DEFAULT CURRENT_TIMESTAMP,
  `insertip` varchar(50) NOT NULL,
  `editdatetime` timestamp NOT NULL DEFAULT '0000-00-00 00:00:00',
  `editip` varchar(50) NOT NULL
) ENGINE=InnoDB DEFAULT CHARSET=utf8;

--
-- Dumping data for table `mail_templates`
--

INSERT INTO `mail_templates` (`id`, `title`, `variables`, `subject`, `mailformat`, `insertdatetime`, `insertip`, `editdatetime`, `editip`) VALUES
(1, ' Napolean : Register', '<font style=\"background:#FFFFE0\">%appname%</font>  -> Provide AppName<br/> <font style=\"background:#FFFFE0\">%firstname%</font>  -> Provide Firstname<br/> <font style=\"background:#FFFFE0\">%email%</font>  -> Provide Email<br/> <font style=\"background:#FFFFE0\">%password%</font>  -> Provide Password<br/> ', 'Napolean : Register', '<p>Dear %firstname%,</p>\n\n<p>A very sepecial welcome to you, thank you for joining&nbsp;<span style=\"background-color:rgb(255, 255, 224); color:rgb(115, 115, 115); font-family:source sans pro,helvetica neue,helvetica,arial,sans-serif; font-size:14px\">%appname% !</span></p>\n\n<p>Your login credentials as below.</p>\n\n<table>\n	<tbody>\n		<tr>\n			<td>Email</td>\n			<td>&nbsp;:&nbsp;</td>\n			<td>%email%</td>\n		</tr>\n		<tr>\n			<td>Password</td>\n			<td>&nbsp;:&nbsp;</td>\n			<td>%password%</td>\n		</tr>\n	</tbody>\n</table>\n\n<p>&nbsp;</p>\n\n<p>Regards,<br />\nThe %appname% Team.</p>\n\n<p>&nbsp;</p>\n', '2016-03-21 09:10:26', '', '0000-00-00 00:00:00', '');

-- --------------------------------------------------------

--
-- Table structure for table `mapping`
--

CREATE TABLE `mapping` (
  `map_id` bigint(20) NOT NULL,
  `place_id` int(11) NOT NULL,
  `dress_id` int(11) NOT NULL,
  `crown_id` int(11) NOT NULL,
  `stage_id` int(11) NOT NULL,
  `props_id` int(11) NOT NULL,
  `character_id` int(11) NOT NULL,
  `image_path` varchar(255) NOT NULL,
  `createdtime` datetime NOT NULL
) ENGINE=InnoDB DEFAULT CHARSET=latin1;

--
-- Dumping data for table `mapping`
--

INSERT INTO `mapping` (`map_id`, `place_id`, `dress_id`, `crown_id`, `stage_id`, `props_id`, `character_id`, `image_path`, `createdtime`) VALUES
(1, 1, 8, 14, 17, 20, 2, 'josephine/Josephine Throne/tnrtch.png', '0000-00-00 00:00:00'),
(2, 1, 8, 14, 17, 21, 2, 'josephine/Josephine Throne/tnrtcs.png', '0000-00-00 00:00:00'),
(3, 1, 8, 14, 17, 22, 2, 'josephine/Josephine Throne/tnrtcb.png', '0000-00-00 00:00:00'),
(4, 1, 8, 14, 18, 20, 2, 'josephine/Josephine Throne/tnrtdh.png', '0000-00-00 00:00:00'),
(5, 1, 8, 14, 18, 21, 2, 'josephine/Josephine Throne/tnrtds.png', '0000-00-00 00:00:00'),
(6, 1, 8, 14, 18, 22, 2, 'josephine/Josephine Throne/tnrtdb.png', '0000-00-00 00:00:00'),
(7, 1, 8, 14, 19, 20, 2, 'josephine/Josephine Throne/tnrtrh.png', '0000-00-00 00:00:00'),
(8, 1, 8, 14, 19, 21, 2, 'josephine/Josephine Throne/tnrtrs.png', '0000-00-00 00:00:00'),
(9, 1, 8, 14, 19, 22, 2, 'josephine/Josephine Throne/tnrtrb.png', '0000-00-00 00:00:00'),
(10, 1, 8, 15, 17, 20, 2, 'josephine/Josephine Throne/tnrfch.png', '0000-00-00 00:00:00'),
(11, 1, 8, 15, 17, 21, 2, 'josephine/Josephine Throne/tnrfcs.png', '0000-00-00 00:00:00'),
(12, 1, 8, 15, 17, 22, 2, 'josephine/Josephine Throne/tnrfcb.png', '0000-00-00 00:00:00'),
(13, 1, 8, 15, 18, 20, 2, 'josephine/Josephine Throne/tnrfdh.png', '0000-00-00 00:00:00'),
(14, 1, 8, 15, 18, 21, 2, 'josephine/Josephine Throne/tnrfds.png', '0000-00-00 00:00:00'),
(15, 1, 8, 15, 18, 22, 2, 'josephine/Josephine Throne/tnrfdb.png', '0000-00-00 00:00:00'),
(16, 1, 8, 15, 19, 20, 2, 'josephine/Josephine Throne/tnrfrh.png', '0000-00-00 00:00:00'),
(17, 1, 8, 15, 19, 21, 2, 'josephine/Josephine Throne/tnrfrs.png', '0000-00-00 00:00:00'),
(18, 1, 8, 15, 19, 22, 2, 'josephine/Josephine Throne/tnrfrb.png', '0000-00-00 00:00:00'),
(19, 1, 8, 16, 17, 20, 2, 'josephine/Josephine Throne/tnrnch.png', '0000-00-00 00:00:00'),
(20, 1, 8, 16, 17, 21, 2, 'josephine/Josephine Throne/tnrncs.png', '0000-00-00 00:00:00'),
(21, 1, 8, 16, 17, 22, 2, 'josephine/Josephine Throne/tnrncb.png', '0000-00-00 00:00:00'),
(22, 1, 8, 16, 18, 20, 2, 'josephine/Josephine Throne/tnrndh.png', '0000-00-00 00:00:00'),
(23, 1, 8, 16, 18, 21, 2, 'josephine/Josephine Throne/tnrnds.png', '0000-00-00 00:00:00'),
(24, 1, 8, 16, 18, 22, 2, 'josephine/Josephine Throne/tnrndb.png', '0000-00-00 00:00:00'),
(25, 1, 8, 16, 19, 20, 2, 'josephine/Josephine Throne/tnrnrh.png', '0000-00-00 00:00:00'),
(26, 1, 8, 16, 19, 21, 2, 'josephine/Josephine Throne/tnrnrs.png', '0000-00-00 00:00:00'),
(27, 1, 8, 16, 19, 22, 2, 'josephine/Josephine Throne/tnrnrb.png', '0000-00-00 00:00:00'),
(28, 1, 9, 14, 17, 20, 2, 'josephine/Josephine Throne/tngtch.png', '0000-00-00 00:00:00'),
(29, 1, 9, 14, 17, 21, 2, 'josephine/Josephine Throne/tngtcs.png', '0000-00-00 00:00:00'),
(30, 1, 9, 14, 17, 22, 2, 'josephine/Josephine Throne/tngtcb.png', '0000-00-00 00:00:00'),
(31, 1, 9, 14, 18, 20, 2, 'josephine/Josephine Throne/tngtdh.png', '0000-00-00 00:00:00'),
(32, 1, 9, 14, 18, 21, 2, 'josephine/Josephine Throne/tngtds.png', '0000-00-00 00:00:00'),
(33, 1, 9, 14, 18, 22, 2, 'josephine/Josephine Throne/tngtdb.png', '0000-00-00 00:00:00'),
(34, 1, 9, 14, 19, 20, 2, 'josephine/Josephine Throne/tngtrh.png', '0000-00-00 00:00:00'),
(35, 1, 9, 14, 19, 21, 2, 'josephine/Josephine Throne/tngtrs.png', '0000-00-00 00:00:00'),
(36, 1, 9, 14, 19, 22, 2, 'josephine/Josephine Throne/tngtrb.png', '0000-00-00 00:00:00'),
(37, 1, 9, 15, 17, 20, 2, 'josephine/Josephine Throne/tngfch.png', '0000-00-00 00:00:00'),
(38, 1, 9, 15, 17, 21, 2, 'josephine/Josephine Throne/tngfcs.png', '0000-00-00 00:00:00'),
(39, 1, 9, 15, 17, 22, 2, 'josephine/Josephine Throne/tngfcb.png', '0000-00-00 00:00:00'),
(40, 1, 9, 15, 18, 20, 2, 'josephine/Josephine Throne/tngfdh.png', '0000-00-00 00:00:00'),
(41, 1, 9, 15, 18, 21, 2, 'josephine/Josephine Throne/tngfds.png', '0000-00-00 00:00:00'),
(42, 1, 9, 15, 18, 22, 2, 'josephine/Josephine Throne/tngfdb.png', '0000-00-00 00:00:00'),
(43, 1, 9, 15, 19, 20, 2, 'josephine/Josephine Throne/tngfrh.png', '0000-00-00 00:00:00'),
(44, 1, 9, 15, 19, 21, 2, 'josephine/Josephine Throne/tngfrs.png', '0000-00-00 00:00:00'),
(45, 1, 9, 15, 19, 22, 2, 'josephine/Josephine Throne/tngfrb.png', '0000-00-00 00:00:00'),
(46, 1, 9, 16, 17, 20, 2, 'josephine/Josephine Throne/tngnch.png', '0000-00-00 00:00:00'),
(47, 1, 9, 16, 17, 21, 2, 'josephine/Josephine Throne/tngncs.png', '0000-00-00 00:00:00'),
(48, 1, 9, 16, 17, 22, 2, 'josephine/Josephine Throne/tngncb.png', '0000-00-00 00:00:00'),
(49, 1, 9, 16, 18, 20, 2, 'josephine/Josephine Throne/tngndh.png', '0000-00-00 00:00:00'),
(50, 1, 9, 16, 18, 21, 2, 'josephine/Josephine Throne/tngnds.png', '0000-00-00 00:00:00'),
(51, 1, 9, 16, 18, 22, 2, 'josephine/Josephine Throne/tngndb.png', '0000-00-00 00:00:00'),
(52, 1, 9, 16, 19, 20, 2, 'josephine/Josephine Throne/tngnrh.png', '0000-00-00 00:00:00'),
(53, 1, 9, 16, 19, 21, 2, 'josephine/Josephine Throne/tngnrs.png', '0000-00-00 00:00:00'),
(54, 1, 9, 16, 19, 22, 2, 'josephine/Josephine Throne/tngnrb.png', '0000-00-00 00:00:00'),
(55, 1, 10, 14, 17, 20, 2, 'josephine/Josephine Throne/tnstch.png', '0000-00-00 00:00:00'),
(56, 1, 10, 14, 17, 21, 2, 'josephine/Josephine Throne/tnstcs.png', '0000-00-00 00:00:00'),
(57, 1, 10, 14, 17, 22, 2, 'josephine/Josephine Throne/tnstcb.png', '0000-00-00 00:00:00'),
(58, 1, 10, 14, 18, 20, 2, 'josephine/Josephine Throne/tnstdh.png', '0000-00-00 00:00:00'),
(59, 1, 10, 14, 18, 21, 2, 'josephine/Josephine Throne/tnstds.png', '0000-00-00 00:00:00'),
(60, 1, 10, 14, 18, 22, 2, 'josephine/Josephine Throne/tnstdb.png', '0000-00-00 00:00:00'),
(61, 1, 10, 14, 19, 20, 2, 'josephine/Josephine Throne/tnstrh.png', '0000-00-00 00:00:00'),
(62, 1, 10, 14, 19, 21, 2, 'josephine/Josephine Throne/tnstrs.png', '0000-00-00 00:00:00'),
(63, 1, 10, 14, 19, 22, 2, 'josephine/Josephine Throne/tnstrb.png', '0000-00-00 00:00:00'),
(64, 1, 10, 15, 17, 20, 2, 'josephine/Josephine Throne/tnsfch.png', '0000-00-00 00:00:00'),
(65, 1, 10, 15, 17, 21, 2, 'josephine/Josephine Throne/tnsfcs.png', '0000-00-00 00:00:00'),
(66, 1, 10, 15, 17, 22, 2, 'josephine/Josephine Throne/tnsfcb.png', '0000-00-00 00:00:00'),
(67, 1, 10, 15, 18, 20, 2, 'josephine/Josephine Throne/tnsfdh.png', '0000-00-00 00:00:00'),
(68, 1, 10, 15, 18, 21, 2, 'josephine/Josephine Throne/tnsfds.png', '0000-00-00 00:00:00'),
(69, 1, 10, 15, 18, 22, 2, 'josephine/Josephine Throne/tnsfdb.png', '0000-00-00 00:00:00'),
(70, 1, 10, 15, 19, 20, 2, 'josephine/Josephine Throne/tnsfrh.png', '0000-00-00 00:00:00'),
(71, 1, 10, 15, 19, 21, 2, 'josephine/Josephine Throne/tnsfrs.png', '0000-00-00 00:00:00'),
(72, 1, 10, 15, 19, 22, 2, 'josephine/Josephine Throne/tnsfrb.png', '0000-00-00 00:00:00'),
(73, 1, 10, 16, 17, 20, 2, 'josephine/Josephine Throne/tnsnch.png', '0000-00-00 00:00:00'),
(74, 1, 10, 16, 17, 21, 2, 'josephine/Josephine Throne/tnsncs.png', '0000-00-00 00:00:00'),
(75, 1, 10, 16, 17, 22, 2, 'josephine/Josephine Throne/tnsncb.png', '0000-00-00 00:00:00'),
(76, 1, 10, 16, 18, 20, 2, 'josephine/Josephine Throne/tnsndh.png', '0000-00-00 00:00:00'),
(77, 1, 10, 16, 18, 21, 2, 'josephine/Josephine Throne/tnsnds.png', '0000-00-00 00:00:00'),
(78, 1, 10, 16, 18, 22, 2, 'josephine/Josephine Throne/tnsndb.png', '0000-00-00 00:00:00'),
(79, 1, 10, 16, 19, 20, 2, 'josephine/Josephine Throne/tnsnrh.png', '0000-00-00 00:00:00'),
(80, 1, 10, 16, 19, 21, 2, 'josephine/Josephine Throne/tnsnrs.png', '0000-00-00 00:00:00'),
(81, 1, 10, 16, 19, 22, 2, 'josephine/Josephine Throne/tnsnrb.png', '0000-00-00 00:00:00'),
(82, 2, 8, 14, 17, 20, 2, 'josephine/Josephine Garden/onrtch.png', '0000-00-00 00:00:00'),
(83, 2, 8, 14, 17, 21, 2, 'josephine/Josephine Garden/onrtcs.png', '0000-00-00 00:00:00'),
(84, 2, 8, 14, 17, 22, 2, 'josephine/Josephine Garden/onrtcb.png', '0000-00-00 00:00:00'),
(85, 2, 8, 14, 18, 20, 2, 'josephine/Josephine Garden/onrtdh.png', '0000-00-00 00:00:00'),
(86, 2, 8, 14, 18, 21, 2, 'josephine/Josephine Garden/onrtds.png', '0000-00-00 00:00:00'),
(87, 2, 8, 14, 18, 22, 2, 'josephine/Josephine Garden/onrtdb.png', '0000-00-00 00:00:00'),
(88, 2, 8, 14, 19, 20, 2, 'josephine/Josephine Garden/onrtrh.png', '0000-00-00 00:00:00'),
(89, 2, 8, 14, 19, 21, 2, 'josephine/Josephine Garden/onrtrs.png', '0000-00-00 00:00:00'),
(90, 2, 8, 14, 19, 22, 2, 'josephine/Josephine Garden/onrtrb.png', '0000-00-00 00:00:00'),
(91, 2, 8, 15, 17, 20, 2, 'josephine/Josephine Garden/onrfch.png', '0000-00-00 00:00:00'),
(92, 2, 8, 15, 17, 21, 2, 'josephine/Josephine Garden/onrfcs.png', '0000-00-00 00:00:00'),
(93, 2, 8, 15, 17, 22, 2, 'josephine/Josephine Garden/onrfcb.png', '0000-00-00 00:00:00'),
(94, 2, 8, 15, 18, 20, 2, 'josephine/Josephine Garden/onrfdh.png', '0000-00-00 00:00:00'),
(95, 2, 8, 15, 18, 21, 2, 'josephine/Josephine Garden/onrfds.png', '0000-00-00 00:00:00'),
(96, 2, 8, 15, 18, 22, 2, 'josephine/Josephine Garden/onrfdb.png', '0000-00-00 00:00:00'),
(97, 2, 8, 15, 19, 20, 2, 'josephine/Josephine Garden/onrfrh.png', '0000-00-00 00:00:00'),
(98, 2, 8, 15, 19, 21, 2, 'josephine/Josephine Garden/onrfrs.png', '0000-00-00 00:00:00'),
(99, 2, 8, 15, 19, 22, 2, 'josephine/Josephine Garden/onrfrb.png', '0000-00-00 00:00:00'),
(100, 2, 8, 16, 17, 20, 2, 'josephine/Josephine Garden/onrnch.png', '0000-00-00 00:00:00'),
(101, 2, 8, 16, 17, 21, 2, 'josephine/Josephine Garden/onrncs.png', '0000-00-00 00:00:00'),
(102, 2, 8, 16, 17, 22, 2, 'josephine/Josephine Garden/onrncb.png', '0000-00-00 00:00:00'),
(103, 2, 8, 16, 18, 20, 2, 'josephine/Josephine Garden/onrndh.png', '0000-00-00 00:00:00'),
(104, 2, 8, 16, 18, 21, 2, 'josephine/Josephine Garden/onrnds.png', '0000-00-00 00:00:00'),
(105, 2, 8, 16, 18, 22, 2, 'josephine/Josephine Garden/onrndb.png', '0000-00-00 00:00:00'),
(106, 2, 8, 16, 19, 20, 2, 'josephine/Josephine Garden/onrnrh.png', '0000-00-00 00:00:00'),
(107, 2, 8, 16, 19, 21, 2, 'josephine/Josephine Garden/onrnrs.png', '0000-00-00 00:00:00'),
(108, 2, 8, 16, 19, 22, 2, 'josephine/Josephine Garden/onrnrb.png', '0000-00-00 00:00:00'),
(109, 2, 9, 14, 17, 20, 2, 'josephine/Josephine Garden/ongtch.png', '0000-00-00 00:00:00'),
(110, 2, 9, 14, 17, 21, 2, 'josephine/Josephine Garden/ongtcs.png', '0000-00-00 00:00:00'),
(111, 2, 9, 14, 17, 22, 2, 'josephine/Josephine Garden/ongtcb.png', '0000-00-00 00:00:00'),
(112, 2, 9, 14, 18, 20, 2, 'josephine/Josephine Garden/ongtdh.png', '0000-00-00 00:00:00'),
(113, 2, 9, 14, 18, 21, 2, 'josephine/Josephine Garden/ongtds.png', '0000-00-00 00:00:00'),
(114, 2, 9, 14, 18, 22, 2, 'josephine/Josephine Garden/ongtdb.png', '0000-00-00 00:00:00'),
(115, 2, 9, 14, 19, 20, 2, 'josephine/Josephine Garden/ongtrh.png', '0000-00-00 00:00:00'),
(116, 2, 9, 14, 19, 21, 2, 'josephine/Josephine Garden/ongtrs.png', '0000-00-00 00:00:00'),
(117, 2, 9, 14, 19, 22, 2, 'josephine/Josephine Garden/ongtrb.png', '0000-00-00 00:00:00'),
(118, 2, 9, 15, 17, 20, 2, 'josephine/Josephine Garden/ongfch.png', '0000-00-00 00:00:00'),
(119, 2, 9, 15, 17, 21, 2, 'josephine/Josephine Garden/ongfcs.png', '0000-00-00 00:00:00'),
(120, 2, 9, 15, 17, 22, 2, 'josephine/Josephine Garden/ongfcb.png', '0000-00-00 00:00:00'),
(121, 2, 9, 15, 18, 20, 2, 'josephine/Josephine Garden/ongfdh.png', '0000-00-00 00:00:00'),
(122, 2, 9, 15, 18, 21, 2, 'josephine/Josephine Garden/ongfds.png', '0000-00-00 00:00:00'),
(123, 2, 9, 15, 18, 22, 2, 'josephine/Josephine Garden/ongfdb.png', '0000-00-00 00:00:00'),
(124, 2, 9, 15, 19, 20, 2, 'josephine/Josephine Garden/ongfrh.png', '0000-00-00 00:00:00'),
(125, 2, 9, 15, 19, 21, 2, 'josephine/Josephine Garden/ongfrs.png', '0000-00-00 00:00:00'),
(126, 2, 9, 15, 19, 22, 2, 'josephine/Josephine Garden/ongfrb.png', '0000-00-00 00:00:00'),
(127, 2, 9, 16, 17, 20, 2, 'josephine/Josephine Garden/ongnch.png', '0000-00-00 00:00:00'),
(128, 2, 9, 16, 17, 21, 2, 'josephine/Josephine Garden/ongncs.png', '0000-00-00 00:00:00'),
(129, 2, 9, 16, 17, 22, 2, 'josephine/Josephine Garden/ongncb.png', '0000-00-00 00:00:00'),
(130, 2, 9, 16, 18, 20, 2, 'josephine/Josephine Garden/ongndh.png', '0000-00-00 00:00:00'),
(131, 2, 9, 16, 18, 21, 2, 'josephine/Josephine Garden/ongnds.png', '0000-00-00 00:00:00'),
(132, 2, 9, 16, 18, 22, 2, 'josephine/Josephine Garden/ongndb.png', '0000-00-00 00:00:00'),
(133, 2, 9, 16, 19, 20, 2, 'josephine/Josephine Garden/ongnrh.png', '0000-00-00 00:00:00'),
(134, 2, 9, 16, 19, 21, 2, 'josephine/Josephine Garden/ongnrs.png', '0000-00-00 00:00:00'),
(135, 2, 9, 16, 19, 22, 2, 'josephine/Josephine Garden/ongnrb.png', '0000-00-00 00:00:00'),
(136, 2, 10, 14, 17, 20, 2, 'josephine/Josephine Garden/onstch.png', '0000-00-00 00:00:00'),
(137, 2, 10, 14, 17, 21, 2, 'josephine/Josephine Garden/onstcs.png', '0000-00-00 00:00:00'),
(138, 2, 10, 14, 17, 22, 2, 'josephine/Josephine Garden/onstcb.png', '0000-00-00 00:00:00'),
(139, 2, 10, 14, 18, 20, 2, 'josephine/Josephine Garden/onstdh.png', '0000-00-00 00:00:00'),
(140, 2, 10, 14, 18, 21, 2, 'josephine/Josephine Garden/onstds.png', '0000-00-00 00:00:00'),
(141, 2, 10, 14, 18, 22, 2, 'josephine/Josephine Garden/onstdb.png', '0000-00-00 00:00:00'),
(142, 2, 10, 14, 19, 20, 2, 'josephine/Josephine Garden/onstrh.png', '0000-00-00 00:00:00'),
(143, 2, 10, 14, 19, 21, 2, 'josephine/Josephine Garden/onstrs.png', '0000-00-00 00:00:00'),
(144, 2, 10, 14, 19, 22, 2, 'josephine/Josephine Garden/onstrb.png', '0000-00-00 00:00:00'),
(145, 2, 10, 15, 17, 20, 2, 'josephine/Josephine Garden/onsfch.png', '0000-00-00 00:00:00'),
(146, 2, 10, 15, 17, 21, 2, 'josephine/Josephine Garden/onsfcs.png', '0000-00-00 00:00:00'),
(147, 2, 10, 15, 17, 22, 2, 'josephine/Josephine Garden/onsfcb.png', '0000-00-00 00:00:00'),
(148, 2, 10, 15, 18, 20, 2, 'josephine/Josephine Garden/onsfdh.png', '0000-00-00 00:00:00'),
(149, 2, 10, 15, 18, 21, 2, 'josephine/Josephine Garden/onsfds.png', '0000-00-00 00:00:00'),
(150, 2, 10, 15, 18, 22, 2, 'josephine/Josephine Garden/onsfdb.png', '0000-00-00 00:00:00'),
(151, 2, 10, 15, 19, 20, 2, 'josephine/Josephine Garden/onsfrh.png', '0000-00-00 00:00:00'),
(152, 2, 10, 15, 19, 21, 2, 'josephine/Josephine Garden/onsfrs.png', '0000-00-00 00:00:00'),
(153, 2, 10, 15, 19, 22, 2, 'josephine/Josephine Garden/onsfrb.png', '0000-00-00 00:00:00'),
(154, 2, 10, 16, 17, 20, 2, 'josephine/Josephine Garden/onsnch.png', '0000-00-00 00:00:00'),
(155, 2, 10, 16, 17, 21, 2, 'josephine/Josephine Garden/onsncs.png', '0000-00-00 00:00:00'),
(156, 2, 10, 16, 17, 22, 2, 'josephine/Josephine Garden/onsncb.png', '0000-00-00 00:00:00'),
(157, 2, 10, 16, 18, 20, 2, 'josephine/Josephine Garden/onsndh.png', '0000-00-00 00:00:00'),
(158, 2, 10, 16, 18, 21, 2, 'josephine/Josephine Garden/onsnds.png', '0000-00-00 00:00:00'),
(159, 2, 10, 16, 18, 22, 2, 'josephine/Josephine Garden/onsndb.png', '0000-00-00 00:00:00'),
(160, 2, 10, 16, 19, 20, 2, 'josephine/Josephine Garden/onsnrh.png', '0000-00-00 00:00:00'),
(161, 2, 10, 16, 19, 21, 2, 'josephine/Josephine Garden/onsnrs.png', '0000-00-00 00:00:00'),
(162, 2, 10, 16, 19, 22, 2, 'josephine/Josephine Garden/onsnrb.png', '0000-00-00 00:00:00'),
(163, 3, 8, 14, 17, 20, 2, 'josephine/Josephine Hall/lnrtch.png', '0000-00-00 00:00:00'),
(164, 3, 8, 14, 17, 21, 2, 'josephine/Josephine Hall/lnrtcs.png', '0000-00-00 00:00:00'),
(165, 3, 8, 14, 17, 22, 2, 'josephine/Josephine Hall/lnrtcb.png', '0000-00-00 00:00:00'),
(166, 3, 8, 14, 18, 20, 2, 'josephine/Josephine Hall/lnrtdh.png', '0000-00-00 00:00:00'),
(167, 3, 8, 14, 18, 21, 2, 'josephine/Josephine Hall/lnrtds.png', '0000-00-00 00:00:00'),
(168, 3, 8, 14, 18, 22, 2, 'josephine/Josephine Hall/lnrtdb.png', '0000-00-00 00:00:00'),
(169, 3, 8, 14, 19, 20, 2, 'josephine/Josephine Hall/lnrtrh.png', '0000-00-00 00:00:00'),
(170, 3, 8, 14, 19, 21, 2, 'josephine/Josephine Hall/lnrtrs.png', '0000-00-00 00:00:00'),
(171, 3, 8, 14, 19, 22, 2, 'josephine/Josephine Hall/lnrtrb.png', '0000-00-00 00:00:00'),
(172, 3, 8, 15, 17, 20, 2, 'josephine/Josephine Hall/lnrfch.png', '0000-00-00 00:00:00'),
(173, 3, 8, 15, 17, 21, 2, 'josephine/Josephine Hall/lnrfcs.png', '0000-00-00 00:00:00'),
(174, 3, 8, 15, 17, 22, 2, 'josephine/Josephine Hall/lnrfcb.png', '0000-00-00 00:00:00'),
(175, 3, 8, 15, 18, 20, 2, 'josephine/Josephine Hall/lnrfdh.png', '0000-00-00 00:00:00'),
(176, 3, 8, 15, 18, 21, 2, 'josephine/Josephine Hall/lnrfds.png', '0000-00-00 00:00:00'),
(177, 3, 8, 15, 18, 22, 2, 'josephine/Josephine Hall/lnrfdb.png', '0000-00-00 00:00:00'),
(178, 3, 8, 15, 19, 20, 2, 'josephine/Josephine Hall/lnrfrh.png', '0000-00-00 00:00:00'),
(179, 3, 8, 15, 19, 21, 2, 'josephine/Josephine Hall/lnrfrs.png', '0000-00-00 00:00:00'),
(180, 3, 8, 15, 19, 22, 2, 'josephine/Josephine Hall/lnrfrb.png', '0000-00-00 00:00:00'),
(181, 3, 8, 16, 17, 20, 2, 'josephine/Josephine Hall/lnrnch.png', '0000-00-00 00:00:00'),
(182, 3, 8, 16, 17, 21, 2, 'josephine/Josephine Hall/lnrncs.png', '0000-00-00 00:00:00'),
(183, 3, 8, 16, 17, 22, 2, 'josephine/Josephine Hall/lnrncb.png', '0000-00-00 00:00:00'),
(184, 3, 8, 16, 18, 20, 2, 'josephine/Josephine Hall/lnrndh.png', '0000-00-00 00:00:00'),
(185, 3, 8, 16, 18, 21, 2, 'josephine/Josephine Hall/lnrnds.png', '0000-00-00 00:00:00'),
(186, 3, 8, 16, 18, 22, 2, 'josephine/Josephine Hall/lnrndb.png', '0000-00-00 00:00:00'),
(187, 3, 8, 16, 19, 20, 2, 'josephine/Josephine Hall/lnrnrh.png', '0000-00-00 00:00:00'),
(188, 3, 8, 16, 19, 21, 2, 'josephine/Josephine Hall/lnrnrs.png', '0000-00-00 00:00:00'),
(189, 3, 8, 16, 19, 22, 2, 'josephine/Josephine Hall/lnrnrb.png', '0000-00-00 00:00:00'),
(190, 3, 9, 14, 17, 20, 2, 'josephine/Josephine Hall/lngtch.png', '0000-00-00 00:00:00'),
(191, 3, 9, 14, 17, 21, 2, 'josephine/Josephine Hall/lngtcs.png', '0000-00-00 00:00:00'),
(192, 3, 9, 14, 17, 22, 2, 'josephine/Josephine Hall/lngtcb.png', '0000-00-00 00:00:00'),
(193, 3, 9, 14, 18, 20, 2, 'josephine/Josephine Hall/lngtdh.png', '0000-00-00 00:00:00'),
(194, 3, 9, 14, 18, 21, 2, 'josephine/Josephine Hall/lngtds.png', '0000-00-00 00:00:00'),
(195, 3, 9, 14, 18, 22, 2, 'josephine/Josephine Hall/lngtdb.png', '0000-00-00 00:00:00'),
(196, 3, 9, 14, 19, 20, 2, 'josephine/Josephine Hall/lngtrh.png', '0000-00-00 00:00:00'),
(197, 3, 9, 14, 19, 21, 2, 'josephine/Josephine Hall/lngtrs.png', '0000-00-00 00:00:00'),
(198, 3, 9, 14, 19, 22, 2, 'josephine/Josephine Hall/lngtrb.png', '0000-00-00 00:00:00'),
(199, 3, 9, 15, 17, 20, 2, 'josephine/Josephine Hall/lngfch.png', '0000-00-00 00:00:00'),
(200, 3, 9, 15, 17, 21, 2, 'josephine/Josephine Hall/lngfcs.png', '0000-00-00 00:00:00'),
(201, 3, 9, 15, 17, 22, 2, 'josephine/Josephine Hall/lngfcb.png', '0000-00-00 00:00:00'),
(202, 3, 9, 15, 18, 20, 2, 'josephine/Josephine Hall/lngfdh.png', '0000-00-00 00:00:00'),
(203, 3, 9, 15, 18, 21, 2, 'josephine/Josephine Hall/lngfds.png', '0000-00-00 00:00:00'),
(204, 3, 9, 15, 18, 22, 2, 'josephine/Josephine Hall/lngfdb.png', '0000-00-00 00:00:00'),
(205, 3, 9, 15, 19, 20, 2, 'josephine/Josephine Hall/lngfrh.png', '0000-00-00 00:00:00'),
(206, 3, 9, 15, 19, 21, 2, 'josephine/Josephine Hall/lngfrs.png', '0000-00-00 00:00:00'),
(207, 3, 9, 15, 19, 22, 2, 'josephine/Josephine Hall/lngfrb.png', '0000-00-00 00:00:00'),
(208, 3, 9, 16, 17, 20, 2, 'josephine/Josephine Hall/lngnch.png', '0000-00-00 00:00:00'),
(209, 3, 9, 16, 17, 21, 2, 'josephine/Josephine Hall/lngncs.png', '0000-00-00 00:00:00'),
(210, 3, 9, 16, 17, 22, 2, 'josephine/Josephine Hall/lngncb.png', '0000-00-00 00:00:00'),
(211, 3, 9, 16, 18, 20, 2, 'josephine/Josephine Hall/lngndh.png', '0000-00-00 00:00:00'),
(212, 3, 9, 16, 18, 21, 2, 'josephine/Josephine Hall/lngnds.png', '0000-00-00 00:00:00'),
(213, 3, 9, 16, 18, 22, 2, 'josephine/Josephine Hall/lngndb.png', '0000-00-00 00:00:00'),
(214, 3, 9, 16, 19, 20, 2, 'josephine/Josephine Hall/lngnrh.png', '0000-00-00 00:00:00'),
(215, 3, 9, 16, 19, 21, 2, 'josephine/Josephine Hall/lngnrs.png', '0000-00-00 00:00:00'),
(216, 3, 9, 16, 19, 22, 2, 'josephine/Josephine Hall/lngnrb.png', '0000-00-00 00:00:00'),
(217, 3, 10, 14, 17, 20, 2, 'josephine/Josephine Hall/lnstch.png', '0000-00-00 00:00:00'),
(218, 3, 10, 14, 17, 21, 2, 'josephine/Josephine Hall/lnstcs.png', '0000-00-00 00:00:00'),
(219, 3, 10, 14, 17, 22, 2, 'josephine/Josephine Hall/lnstcb.png', '0000-00-00 00:00:00'),
(220, 3, 10, 14, 18, 20, 2, 'josephine/Josephine Hall/lnstdh.png', '0000-00-00 00:00:00'),
(221, 3, 10, 14, 18, 21, 2, 'josephine/Josephine Hall/lnstds.png', '0000-00-00 00:00:00'),
(222, 3, 10, 14, 18, 22, 2, 'josephine/Josephine Hall/lnstdb.png', '0000-00-00 00:00:00'),
(223, 3, 10, 14, 19, 20, 2, 'josephine/Josephine Hall/lnstrh.png', '0000-00-00 00:00:00'),
(224, 3, 10, 14, 19, 21, 2, 'josephine/Josephine Hall/lnstrs.png', '0000-00-00 00:00:00'),
(225, 3, 10, 14, 19, 22, 2, 'josephine/Josephine Hall/lnstrb.png', '0000-00-00 00:00:00'),
(226, 3, 10, 15, 17, 20, 2, 'josephine/Josephine Hall/lnsfch.png', '0000-00-00 00:00:00'),
(227, 3, 10, 15, 17, 21, 2, 'josephine/Josephine Hall/lnsfcs.png', '0000-00-00 00:00:00'),
(228, 3, 10, 15, 17, 22, 2, 'josephine/Josephine Hall/lnsfcb.png', '0000-00-00 00:00:00'),
(229, 3, 10, 15, 18, 20, 2, 'josephine/Josephine Hall/lnsfdh.png', '0000-00-00 00:00:00'),
(230, 3, 10, 15, 18, 21, 2, 'josephine/Josephine Hall/lnsfds.png', '0000-00-00 00:00:00'),
(231, 3, 10, 15, 18, 22, 2, 'josephine/Josephine Hall/lnsfdb.png', '0000-00-00 00:00:00'),
(232, 3, 10, 15, 19, 20, 2, 'josephine/Josephine Hall/lnsfrh.png', '0000-00-00 00:00:00'),
(233, 3, 10, 15, 19, 21, 2, 'josephine/Josephine Hall/lnsfrs.png', '0000-00-00 00:00:00'),
(234, 3, 10, 15, 19, 22, 2, 'josephine/Josephine Hall/lnsfrb.png', '0000-00-00 00:00:00'),
(235, 3, 10, 16, 17, 20, 2, 'josephine/Josephine Hall/lnsnch.png', '0000-00-00 00:00:00'),
(236, 3, 10, 16, 17, 21, 2, 'josephine/Josephine Hall/lnsncs.png', '0000-00-00 00:00:00'),
(237, 3, 10, 16, 17, 22, 2, 'josephine/Josephine Hall/lnsncb.png', '0000-00-00 00:00:00'),
(238, 3, 10, 16, 18, 20, 2, 'josephine/Josephine Hall/lnsndh.png', '0000-00-00 00:00:00'),
(239, 3, 10, 16, 18, 21, 2, 'josephine/Josephine Hall/lnsnds.png', '0000-00-00 00:00:00'),
(240, 3, 10, 16, 18, 22, 2, 'josephine/Josephine Hall/lnsndb.png', '0000-00-00 00:00:00'),
(241, 3, 10, 16, 19, 20, 2, 'josephine/Josephine Hall/lnsnrh.png', '0000-00-00 00:00:00'),
(242, 3, 10, 16, 19, 21, 2, 'josephine/Josephine Hall/lnsnrs.png', '0000-00-00 00:00:00'),
(243, 3, 10, 16, 19, 22, 2, 'josephine/Josephine Hall/lnsnrb.png', '0000-00-00 00:00:00'),
(244, 4, 8, 14, 17, 20, 2, 'josephine/Josephine Bed/bnrtch.png', '0000-00-00 00:00:00'),
(245, 4, 8, 14, 17, 21, 2, 'josephine/Josephine Bed/bnrtcs.png', '0000-00-00 00:00:00'),
(246, 4, 8, 14, 17, 22, 2, 'josephine/Josephine Bed/bnrtcb.png', '0000-00-00 00:00:00'),
(247, 4, 8, 14, 18, 20, 2, 'josephine/Josephine Bed/bnrtdh.png', '0000-00-00 00:00:00'),
(248, 4, 8, 14, 18, 21, 2, 'josephine/Josephine Bed/bnrtds.png', '0000-00-00 00:00:00'),
(249, 4, 8, 14, 18, 22, 2, 'josephine/Josephine Bed/bnrtdb.png', '0000-00-00 00:00:00'),
(250, 4, 8, 14, 19, 20, 2, 'josephine/Josephine Bed/bnrtrh.png', '0000-00-00 00:00:00'),
(251, 4, 8, 14, 19, 21, 2, 'josephine/Josephine Bed/bnrtrs.png', '0000-00-00 00:00:00'),
(252, 4, 8, 14, 19, 22, 2, 'josephine/Josephine Bed/bnrtrb.png', '0000-00-00 00:00:00'),
(253, 4, 8, 15, 17, 20, 2, 'josephine/Josephine Bed/bnrfch.png', '0000-00-00 00:00:00'),
(254, 4, 8, 15, 17, 21, 2, 'josephine/Josephine Bed/bnrfcs.png', '0000-00-00 00:00:00'),
(255, 4, 8, 15, 17, 22, 2, 'josephine/Josephine Bed/bnrfcb.png', '0000-00-00 00:00:00'),
(256, 4, 8, 15, 18, 20, 2, 'josephine/Josephine Bed/bnrfdh.png', '0000-00-00 00:00:00'),
(257, 4, 8, 15, 18, 21, 2, 'josephine/Josephine Bed/bnrfds.png', '0000-00-00 00:00:00'),
(258, 4, 8, 15, 18, 22, 2, 'josephine/Josephine Bed/bnrfdb.png', '0000-00-00 00:00:00'),
(259, 4, 8, 15, 19, 20, 2, 'josephine/Josephine Bed/bnrfrh.png', '0000-00-00 00:00:00'),
(260, 4, 8, 15, 19, 21, 2, 'josephine/Josephine Bed/bnrfrs.png', '0000-00-00 00:00:00'),
(261, 4, 8, 15, 19, 22, 2, 'josephine/Josephine Bed/bnrfrb.png', '0000-00-00 00:00:00'),
(262, 4, 8, 16, 17, 20, 2, 'josephine/Josephine Bed/bnrnch.png', '0000-00-00 00:00:00'),
(263, 4, 8, 16, 17, 21, 2, 'josephine/Josephine Bed/bnrncs.png', '0000-00-00 00:00:00'),
(264, 4, 8, 16, 17, 22, 2, 'josephine/Josephine Bed/bnrncb.png', '0000-00-00 00:00:00'),
(265, 4, 8, 16, 18, 20, 2, 'josephine/Josephine Bed/bnrndh.png', '0000-00-00 00:00:00'),
(266, 4, 8, 16, 18, 21, 2, 'josephine/Josephine Bed/bnrnds.png', '0000-00-00 00:00:00'),
(267, 4, 8, 16, 18, 22, 2, 'josephine/Josephine Bed/bnrndb.png', '0000-00-00 00:00:00'),
(268, 4, 8, 16, 19, 20, 2, 'josephine/Josephine Bed/bnrnrh.png', '0000-00-00 00:00:00'),
(269, 4, 8, 16, 19, 21, 2, 'josephine/Josephine Bed/bnrnrs.png', '0000-00-00 00:00:00'),
(270, 4, 8, 16, 19, 22, 2, 'josephine/Josephine Bed/bnrnrb.png', '0000-00-00 00:00:00'),
(271, 4, 9, 14, 17, 20, 2, 'josephine/Josephine Bed/bngtch.png', '0000-00-00 00:00:00'),
(272, 4, 9, 14, 17, 21, 2, 'josephine/Josephine Bed/bngtcs.png', '0000-00-00 00:00:00'),
(273, 4, 9, 14, 17, 22, 2, 'josephine/Josephine Bed/bngtcb.png', '0000-00-00 00:00:00'),
(274, 4, 9, 14, 18, 20, 2, 'josephine/Josephine Bed/bngtdh.png', '0000-00-00 00:00:00'),
(275, 4, 9, 14, 18, 21, 2, 'josephine/Josephine Bed/bngtds.png', '0000-00-00 00:00:00'),
(276, 4, 9, 14, 18, 22, 2, 'josephine/Josephine Bed/bngtdb.png', '0000-00-00 00:00:00'),
(277, 4, 9, 14, 19, 20, 2, 'josephine/Josephine Bed/bngtrh.png', '0000-00-00 00:00:00'),
(278, 4, 9, 14, 19, 21, 2, 'josephine/Josephine Bed/bngtrs.png', '0000-00-00 00:00:00'),
(279, 4, 9, 14, 19, 22, 2, 'josephine/Josephine Bed/bngtrb.png', '0000-00-00 00:00:00'),
(280, 4, 9, 15, 17, 20, 2, 'josephine/Josephine Bed/bngfch.png', '0000-00-00 00:00:00'),
(281, 4, 9, 15, 17, 21, 2, 'josephine/Josephine Bed/bngfcs.png', '0000-00-00 00:00:00'),
(282, 4, 9, 15, 17, 22, 2, 'josephine/Josephine Bed/bngfcb.png', '0000-00-00 00:00:00'),
(283, 4, 9, 15, 18, 20, 2, 'josephine/Josephine Bed/bngfdh.png', '0000-00-00 00:00:00'),
(284, 4, 9, 15, 18, 21, 2, 'josephine/Josephine Bed/bngfds.png', '0000-00-00 00:00:00'),
(285, 4, 9, 15, 18, 22, 2, 'josephine/Josephine Bed/bngfdb.png', '0000-00-00 00:00:00'),
(286, 4, 9, 15, 19, 20, 2, 'josephine/Josephine Bed/bngfrh.png', '0000-00-00 00:00:00'),
(287, 4, 9, 15, 19, 21, 2, 'josephine/Josephine Bed/bngfrs.png', '0000-00-00 00:00:00'),
(288, 4, 9, 15, 19, 22, 2, 'josephine/Josephine Bed/bngfrb.png', '0000-00-00 00:00:00'),
(289, 4, 9, 16, 17, 20, 2, 'josephine/Josephine Bed/bngnch.png', '0000-00-00 00:00:00'),
(290, 4, 9, 16, 17, 21, 2, 'josephine/Josephine Bed/bngncs.png', '0000-00-00 00:00:00'),
(291, 4, 9, 16, 17, 22, 2, 'josephine/Josephine Bed/bngncb.png', '0000-00-00 00:00:00'),
(292, 4, 9, 16, 18, 20, 2, 'josephine/Josephine Bed/bngndh.png', '0000-00-00 00:00:00'),
(293, 4, 9, 16, 18, 21, 2, 'josephine/Josephine Bed/bngnds.png', '0000-00-00 00:00:00'),
(294, 4, 9, 16, 18, 22, 2, 'josephine/Josephine Bed/bngndb.png', '0000-00-00 00:00:00'),
(295, 4, 9, 16, 19, 20, 2, 'josephine/Josephine Bed/bngnrh.png', '0000-00-00 00:00:00'),
(296, 4, 9, 16, 19, 21, 2, 'josephine/Josephine Bed/bngnrs.png', '0000-00-00 00:00:00'),
(297, 4, 9, 16, 19, 22, 2, 'josephine/Josephine Bed/bngnrb.png', '0000-00-00 00:00:00'),
(298, 4, 10, 14, 17, 20, 2, 'josephine/Josephine Bed/bnstch.png', '0000-00-00 00:00:00'),
(299, 4, 10, 14, 17, 21, 2, 'josephine/Josephine Bed/bnstcs.png', '0000-00-00 00:00:00'),
(300, 4, 10, 14, 17, 22, 2, 'josephine/Josephine Bed/bnstcb.png', '0000-00-00 00:00:00'),
(301, 4, 10, 14, 18, 20, 2, 'josephine/Josephine Bed/bnstdh.png', '0000-00-00 00:00:00'),
(302, 4, 10, 14, 18, 21, 2, 'josephine/Josephine Bed/bnstds.png', '0000-00-00 00:00:00'),
(303, 4, 10, 14, 18, 22, 2, 'josephine/Josephine Bed/bnstdb.png', '0000-00-00 00:00:00'),
(304, 4, 10, 14, 19, 20, 2, 'josephine/Josephine Bed/bnstrh.png', '0000-00-00 00:00:00'),
(305, 4, 10, 14, 19, 21, 2, 'josephine/Josephine Bed/bnstrs.png', '0000-00-00 00:00:00'),
(306, 4, 10, 14, 19, 22, 2, 'josephine/Josephine Bed/bnstrb.png', '0000-00-00 00:00:00'),
(307, 4, 10, 15, 17, 20, 2, 'josephine/Josephine Bed/bnsfch.png', '0000-00-00 00:00:00'),
(308, 4, 10, 15, 17, 21, 2, 'josephine/Josephine Bed/bnsfcs.png', '0000-00-00 00:00:00'),
(309, 4, 10, 15, 17, 22, 2, 'josephine/Josephine Bed/bnsfcb.png', '0000-00-00 00:00:00'),
(310, 4, 10, 15, 18, 20, 2, 'josephine/Josephine Bed/bnsfdh.png', '0000-00-00 00:00:00'),
(311, 4, 10, 15, 18, 21, 2, 'josephine/Josephine Bed/bnsfds.png', '0000-00-00 00:00:00'),
(312, 4, 10, 15, 18, 22, 2, 'josephine/Josephine Bed/bnsfdb.png', '0000-00-00 00:00:00'),
(313, 4, 10, 15, 19, 20, 2, 'josephine/Josephine Bed/bnsfrh.png', '0000-00-00 00:00:00'),
(314, 4, 10, 15, 19, 21, 2, 'josephine/Josephine Bed/bnsfrs.png', '0000-00-00 00:00:00'),
(315, 4, 10, 15, 19, 22, 2, 'josephine/Josephine Bed/bnsfrb.png', '0000-00-00 00:00:00'),
(316, 4, 10, 16, 17, 20, 2, 'josephine/Josephine Bed/bnsnch.png', '0000-00-00 00:00:00'),
(317, 4, 10, 16, 17, 21, 2, 'josephine/Josephine Bed/bnsncs.png', '0000-00-00 00:00:00'),
(318, 4, 10, 16, 17, 22, 2, 'josephine/Josephine Bed/bnsncb.png', '0000-00-00 00:00:00'),
(319, 4, 10, 16, 18, 20, 2, 'josephine/Josephine Bed/bnsndh.png', '0000-00-00 00:00:00'),
(320, 4, 10, 16, 18, 21, 2, 'josephine/Josephine Bed/bnsnds.png', '0000-00-00 00:00:00'),
(321, 4, 10, 16, 18, 22, 2, 'josephine/Josephine Bed/bnsndb.png', '0000-00-00 00:00:00'),
(322, 4, 10, 16, 19, 20, 2, 'josephine/Josephine Bed/bnsnrh.png', '0000-00-00 00:00:00'),
(323, 4, 10, 16, 19, 21, 2, 'josephine/Josephine Bed/bnsnrs.png', '0000-00-00 00:00:00'),
(324, 4, 10, 16, 19, 22, 2, 'josephine/Josephine Bed/bnsnrb.png', '0000-00-00 00:00:00'),
(325, 1, 5, 11, 17, 20, 1, 'napoleon/Napoleon Throne/tnrbch.png', '0000-00-00 00:00:00'),
(326, 1, 5, 11, 17, 21, 1, 'napoleon/Napoleon Throne/tnrbcs.png', '0000-00-00 00:00:00'),
(327, 1, 5, 11, 17, 22, 1, 'napoleon/Napoleon Throne/tnrbcb.png', '0000-00-00 00:00:00'),
(328, 1, 5, 11, 18, 20, 1, 'napoleon/Napoleon Throne/tnrbdh.png', '0000-00-00 00:00:00'),
(329, 1, 5, 11, 18, 21, 1, 'napoleon/Napoleon Throne/tnrbds.png', '0000-00-00 00:00:00'),
(330, 1, 5, 11, 18, 22, 1, 'napoleon/Napoleon Throne/tnrbdb.png', '0000-00-00 00:00:00'),
(331, 1, 5, 11, 19, 20, 1, 'napoleon/Napoleon Throne/tnrbrh.png', '0000-00-00 00:00:00'),
(332, 1, 5, 11, 19, 21, 1, 'napoleon/Napoleon Throne/tnrbrs.png', '0000-00-00 00:00:00'),
(333, 1, 5, 11, 19, 22, 1, 'napoleon/Napoleon Throne/tnrbrb.png', '0000-00-00 00:00:00'),
(334, 1, 5, 12, 17, 20, 1, 'napoleon/Napoleon Throne/tnrmch.png', '0000-00-00 00:00:00'),
(335, 1, 5, 12, 17, 21, 1, 'napoleon/Napoleon Throne/tnrmcs.png', '0000-00-00 00:00:00'),
(336, 1, 5, 12, 17, 22, 1, 'napoleon/Napoleon Throne/tnrmcb.png', '0000-00-00 00:00:00'),
(337, 1, 5, 12, 18, 20, 1, 'napoleon/Napoleon Throne/tnrmdh.png', '0000-00-00 00:00:00'),
(338, 1, 5, 12, 18, 21, 1, 'napoleon/Napoleon Throne/tnrmds.png', '0000-00-00 00:00:00'),
(339, 1, 5, 12, 18, 22, 1, 'napoleon/Napoleon Throne/tnrmdb.png', '0000-00-00 00:00:00'),
(340, 1, 5, 12, 19, 20, 1, 'napoleon/Napoleon Throne/tnrmrh.png', '0000-00-00 00:00:00'),
(341, 1, 5, 12, 19, 21, 1, 'napoleon/Napoleon Throne/tnrmrs.png', '0000-00-00 00:00:00'),
(342, 1, 5, 12, 19, 22, 1, 'napoleon/Napoleon Throne/tnrmrb.png', '0000-00-00 00:00:00'),
(343, 1, 5, 13, 17, 20, 1, 'napoleon/Napoleon Throne/tnrcch.png', '0000-00-00 00:00:00'),
(344, 1, 5, 13, 17, 21, 1, 'napoleon/Napoleon Throne/tnrccs.png', '0000-00-00 00:00:00'),
(345, 1, 5, 13, 17, 22, 1, 'napoleon/Napoleon Throne/tnrccb.png', '0000-00-00 00:00:00'),
(346, 1, 5, 13, 18, 20, 1, 'napoleon/Napoleon Throne/tnrcdh.png', '0000-00-00 00:00:00'),
(347, 1, 5, 13, 18, 21, 1, 'napoleon/Napoleon Throne/tnrcds.png', '0000-00-00 00:00:00'),
(348, 1, 5, 13, 18, 22, 1, 'napoleon/Napoleon Throne/tnrcdb.png', '0000-00-00 00:00:00'),
(349, 1, 5, 13, 19, 20, 1, 'napoleon/Napoleon Throne/tnrcrh.png', '0000-00-00 00:00:00'),
(350, 1, 5, 13, 19, 21, 1, 'napoleon/Napoleon Throne/tnrcrs.png', '0000-00-00 00:00:00'),
(351, 1, 5, 13, 19, 22, 1, 'napoleon/Napoleon Throne/tnrcrb.png', '0000-00-00 00:00:00'),
(352, 1, 6, 11, 17, 20, 1, 'napoleon/Napoleon Throne/tngbch.png', '0000-00-00 00:00:00'),
(353, 1, 6, 11, 17, 21, 1, 'napoleon/Napoleon Throne/tngbcs.png', '0000-00-00 00:00:00'),
(354, 1, 6, 11, 17, 22, 1, 'napoleon/Napoleon Throne/tngbcb.png', '0000-00-00 00:00:00'),
(355, 1, 6, 11, 18, 20, 1, 'napoleon/Napoleon Throne/tngbdh.png', '0000-00-00 00:00:00'),
(356, 1, 6, 11, 18, 21, 1, 'napoleon/Napoleon Throne/tngbds.png', '0000-00-00 00:00:00'),
(357, 1, 6, 11, 18, 22, 1, 'napoleon/Napoleon Throne/tngbdb.png', '0000-00-00 00:00:00'),
(358, 1, 6, 11, 19, 20, 1, 'napoleon/Napoleon Throne/tngbrh.png', '0000-00-00 00:00:00'),
(359, 1, 6, 11, 19, 21, 1, 'napoleon/Napoleon Throne/tngbrs.png', '0000-00-00 00:00:00'),
(360, 1, 6, 11, 19, 22, 1, 'napoleon/Napoleon Throne/tngbrb.png', '0000-00-00 00:00:00'),
(361, 1, 6, 12, 17, 20, 1, 'napoleon/Napoleon Throne/tngmch.png', '0000-00-00 00:00:00'),
(362, 1, 6, 12, 17, 21, 1, 'napoleon/Napoleon Throne/tngmcs.png', '0000-00-00 00:00:00'),
(363, 1, 6, 12, 17, 22, 1, 'napoleon/Napoleon Throne/tngmcb.png', '0000-00-00 00:00:00'),
(364, 1, 6, 12, 18, 20, 1, 'napoleon/Napoleon Throne/tngmdh.png', '0000-00-00 00:00:00'),
(365, 1, 6, 12, 18, 21, 1, 'napoleon/Napoleon Throne/tngmds.png', '0000-00-00 00:00:00'),
(366, 1, 6, 12, 18, 22, 1, 'napoleon/Napoleon Throne/tngmdb.png', '0000-00-00 00:00:00'),
(367, 1, 6, 12, 19, 20, 1, 'napoleon/Napoleon Throne/tngmrh.png', '0000-00-00 00:00:00'),
(368, 1, 6, 12, 19, 21, 1, 'napoleon/Napoleon Throne/tngmrs.png', '0000-00-00 00:00:00'),
(369, 1, 6, 12, 19, 22, 1, 'napoleon/Napoleon Throne/tngmrb.png', '0000-00-00 00:00:00'),
(370, 1, 6, 13, 17, 20, 1, 'napoleon/Napoleon Throne/tngcch.png', '0000-00-00 00:00:00'),
(371, 1, 6, 13, 17, 21, 1, 'napoleon/Napoleon Throne/tngccs.png', '0000-00-00 00:00:00'),
(372, 1, 6, 13, 17, 22, 1, 'napoleon/Napoleon Throne/tngccb.png', '0000-00-00 00:00:00'),
(373, 1, 6, 13, 18, 20, 1, 'napoleon/Napoleon Throne/tngcdh.png', '0000-00-00 00:00:00'),
(374, 1, 6, 13, 18, 21, 1, 'napoleon/Napoleon Throne/tngcds.png', '0000-00-00 00:00:00'),
(375, 1, 6, 13, 18, 22, 1, 'napoleon/Napoleon Throne/tngcdb.png', '0000-00-00 00:00:00'),
(376, 1, 6, 13, 19, 20, 1, 'napoleon/Napoleon Throne/tngcrh.png', '0000-00-00 00:00:00'),
(377, 1, 6, 13, 19, 21, 1, 'napoleon/Napoleon Throne/tngcrs.png', '0000-00-00 00:00:00'),
(378, 1, 6, 13, 19, 22, 1, 'napoleon/Napoleon Throne/tngcrb.png', '0000-00-00 00:00:00'),
(379, 1, 7, 11, 17, 20, 1, 'napoleon/Napoleon Throne/tnmbch.png', '0000-00-00 00:00:00'),
(380, 1, 7, 11, 17, 21, 1, 'napoleon/Napoleon Throne/tnmbcs.png', '0000-00-00 00:00:00'),
(381, 1, 7, 11, 17, 22, 1, 'napoleon/Napoleon Throne/tnmbcb.png', '0000-00-00 00:00:00'),
(382, 1, 7, 11, 18, 20, 1, 'napoleon/Napoleon Throne/tnmbdh.png', '0000-00-00 00:00:00'),
(383, 1, 7, 11, 18, 21, 1, 'napoleon/Napoleon Throne/tnmbds.png', '0000-00-00 00:00:00'),
(384, 1, 7, 11, 18, 22, 1, 'napoleon/Napoleon Throne/tnmbdb.png', '0000-00-00 00:00:00'),
(385, 1, 7, 11, 19, 20, 1, 'napoleon/Napoleon Throne/tnmbrh.png', '0000-00-00 00:00:00'),
(386, 1, 7, 11, 19, 21, 1, 'napoleon/Napoleon Throne/tnmbrs.png', '0000-00-00 00:00:00'),
(387, 1, 7, 11, 19, 22, 1, 'napoleon/Napoleon Throne/tnmbrb.png', '0000-00-00 00:00:00'),
(388, 1, 7, 12, 17, 20, 1, 'napoleon/Napoleon Throne/tnmmch.png', '0000-00-00 00:00:00'),
(389, 1, 7, 12, 17, 21, 1, 'napoleon/Napoleon Throne/tnmmcs.png', '0000-00-00 00:00:00'),
(390, 1, 7, 12, 17, 22, 1, 'napoleon/Napoleon Throne/tnmmcb.png', '0000-00-00 00:00:00'),
(391, 1, 7, 12, 18, 20, 1, 'napoleon/Napoleon Throne/tnmmdh.png', '0000-00-00 00:00:00'),
(392, 1, 7, 12, 18, 21, 1, 'napoleon/Napoleon Throne/tnmmds.png', '0000-00-00 00:00:00'),
(393, 1, 7, 12, 18, 22, 1, 'napoleon/Napoleon Throne/tnmmdb.png', '0000-00-00 00:00:00'),
(394, 1, 7, 12, 19, 20, 1, 'napoleon/Napoleon Throne/tnmmrh.png', '0000-00-00 00:00:00'),
(395, 1, 7, 12, 19, 21, 1, 'napoleon/Napoleon Throne/tnmmrs.png', '0000-00-00 00:00:00'),
(396, 1, 7, 12, 19, 22, 1, 'napoleon/Napoleon Throne/tnmmrb.png', '0000-00-00 00:00:00'),
(397, 1, 7, 13, 17, 20, 1, 'napoleon/Napoleon Throne/tnmcch.png', '0000-00-00 00:00:00'),
(398, 1, 7, 13, 17, 21, 1, 'napoleon/Napoleon Throne/tnmccs.png', '0000-00-00 00:00:00'),
(399, 1, 7, 13, 17, 22, 1, 'napoleon/Napoleon Throne/tnmccb.png', '0000-00-00 00:00:00'),
(400, 1, 7, 13, 18, 20, 1, 'napoleon/Napoleon Throne/tnmcdh.png', '0000-00-00 00:00:00'),
(401, 1, 7, 13, 18, 21, 1, 'napoleon/Napoleon Throne/tnmcds.png', '0000-00-00 00:00:00'),
(402, 1, 7, 13, 18, 22, 1, 'napoleon/Napoleon Throne/tnmcdb.png', '0000-00-00 00:00:00'),
(403, 1, 7, 13, 19, 20, 1, 'napoleon/Napoleon Throne/tnmcrh.png', '0000-00-00 00:00:00'),
(404, 1, 7, 13, 19, 21, 1, 'napoleon/Napoleon Throne/tnmcrs.png', '0000-00-00 00:00:00'),
(405, 1, 7, 13, 19, 22, 1, 'napoleon/Napoleon Throne/tnmcrb.png', '0000-00-00 00:00:00'),
(406, 2, 5, 11, 17, 20, 1, 'napoleon/Napoleon Garden/onrbch.png', '0000-00-00 00:00:00'),
(407, 2, 5, 11, 17, 21, 1, 'napoleon/Napoleon Garden/onrbcs.png', '0000-00-00 00:00:00'),
(408, 2, 5, 11, 17, 22, 1, 'napoleon/Napoleon Garden/onrbcb.png', '0000-00-00 00:00:00'),
(409, 2, 5, 11, 18, 20, 1, 'napoleon/Napoleon Garden/onrbdh.png', '0000-00-00 00:00:00'),
(410, 2, 5, 11, 18, 21, 1, 'napoleon/Napoleon Garden/onrbds.png', '0000-00-00 00:00:00'),
(411, 2, 5, 11, 18, 22, 1, 'napoleon/Napoleon Garden/onrbdb.png', '0000-00-00 00:00:00'),
(412, 2, 5, 11, 19, 20, 1, 'napoleon/Napoleon Garden/onrbrh.png', '0000-00-00 00:00:00'),
(413, 2, 5, 11, 19, 21, 1, 'napoleon/Napoleon Garden/onrbrs.png', '0000-00-00 00:00:00'),
(414, 2, 5, 11, 19, 22, 1, 'napoleon/Napoleon Garden/onrbrb.png', '0000-00-00 00:00:00'),
(415, 2, 5, 12, 17, 20, 1, 'napoleon/Napoleon Garden/onrmch.png', '0000-00-00 00:00:00'),
(416, 2, 5, 12, 17, 21, 1, 'napoleon/Napoleon Garden/onrmcs.png', '0000-00-00 00:00:00'),
(417, 2, 5, 12, 17, 22, 1, 'napoleon/Napoleon Garden/onrmcb.png', '0000-00-00 00:00:00'),
(418, 2, 5, 12, 18, 20, 1, 'napoleon/Napoleon Garden/onrmdh.png', '0000-00-00 00:00:00'),
(419, 2, 5, 12, 18, 21, 1, 'napoleon/Napoleon Garden/onrmds.png', '0000-00-00 00:00:00'),
(420, 2, 5, 12, 18, 22, 1, 'napoleon/Napoleon Garden/onrmdb.png', '0000-00-00 00:00:00'),
(421, 2, 5, 12, 19, 20, 1, 'napoleon/Napoleon Garden/onrmrh.png', '0000-00-00 00:00:00'),
(422, 2, 5, 12, 19, 21, 1, 'napoleon/Napoleon Garden/onrmrs.png', '0000-00-00 00:00:00'),
(423, 2, 5, 12, 19, 22, 1, 'napoleon/Napoleon Garden/onrmrb.png', '0000-00-00 00:00:00'),
(424, 2, 5, 13, 17, 20, 1, 'napoleon/Napoleon Garden/onrcch.png', '0000-00-00 00:00:00'),
(425, 2, 5, 13, 17, 21, 1, 'napoleon/Napoleon Garden/onrccs.png', '0000-00-00 00:00:00'),
(426, 2, 5, 13, 17, 22, 1, 'napoleon/Napoleon Garden/onrccb.png', '0000-00-00 00:00:00'),
(427, 2, 5, 13, 18, 20, 1, 'napoleon/Napoleon Garden/onrcdh.png', '0000-00-00 00:00:00'),
(428, 2, 5, 13, 18, 21, 1, 'napoleon/Napoleon Garden/onrcds.png', '0000-00-00 00:00:00'),
(429, 2, 5, 13, 18, 22, 1, 'napoleon/Napoleon Garden/onrcdb.png', '0000-00-00 00:00:00'),
(430, 2, 5, 13, 19, 20, 1, 'napoleon/Napoleon Garden/onrcrh.png', '0000-00-00 00:00:00'),
(431, 2, 5, 13, 19, 21, 1, 'napoleon/Napoleon Garden/onrcrs.png', '0000-00-00 00:00:00'),
(432, 2, 5, 13, 19, 22, 1, 'napoleon/Napoleon Garden/onrcrb.png', '0000-00-00 00:00:00'),
(433, 2, 6, 11, 17, 20, 1, 'napoleon/Napoleon Garden/ongbch.png', '0000-00-00 00:00:00'),
(434, 2, 6, 11, 17, 21, 1, 'napoleon/Napoleon Garden/ongbcs.png', '0000-00-00 00:00:00'),
(435, 2, 6, 11, 17, 22, 1, 'napoleon/Napoleon Garden/ongbcb.png', '0000-00-00 00:00:00'),
(436, 2, 6, 11, 18, 20, 1, 'napoleon/Napoleon Garden/ongbdh.png', '0000-00-00 00:00:00'),
(437, 2, 6, 11, 18, 21, 1, 'napoleon/Napoleon Garden/ongbds.png', '0000-00-00 00:00:00'),
(438, 2, 6, 11, 18, 22, 1, 'napoleon/Napoleon Garden/ongbdb.png', '0000-00-00 00:00:00'),
(439, 2, 6, 11, 19, 20, 1, 'napoleon/Napoleon Garden/ongbrh.png', '0000-00-00 00:00:00'),
(440, 2, 6, 11, 19, 21, 1, 'napoleon/Napoleon Garden/ongbrs.png', '0000-00-00 00:00:00'),
(441, 2, 6, 11, 19, 22, 1, 'napoleon/Napoleon Garden/ongbrb.png', '0000-00-00 00:00:00'),
(442, 2, 6, 12, 17, 20, 1, 'napoleon/Napoleon Garden/ongmch.png', '0000-00-00 00:00:00'),
(443, 2, 6, 12, 17, 21, 1, 'napoleon/Napoleon Garden/ongmcs.png', '0000-00-00 00:00:00'),
(444, 2, 6, 12, 17, 22, 1, 'napoleon/Napoleon Garden/ongmcb.png', '0000-00-00 00:00:00'),
(445, 2, 6, 12, 18, 20, 1, 'napoleon/Napoleon Garden/ongmdh.png', '0000-00-00 00:00:00'),
(446, 2, 6, 12, 18, 21, 1, 'napoleon/Napoleon Garden/ongmds.png', '0000-00-00 00:00:00'),
(447, 2, 6, 12, 18, 22, 1, 'napoleon/Napoleon Garden/ongmdb.png', '0000-00-00 00:00:00'),
(448, 2, 6, 12, 19, 20, 1, 'napoleon/Napoleon Garden/ongmrh.png', '0000-00-00 00:00:00'),
(449, 2, 6, 12, 19, 21, 1, 'napoleon/Napoleon Garden/ongmrs.png', '0000-00-00 00:00:00'),
(450, 2, 6, 12, 19, 22, 1, 'napoleon/Napoleon Garden/ongmrb.png', '0000-00-00 00:00:00'),
(451, 2, 6, 13, 17, 20, 1, 'napoleon/Napoleon Garden/ongcch.png', '0000-00-00 00:00:00'),
(452, 2, 6, 13, 17, 21, 1, 'napoleon/Napoleon Garden/ongccs.png', '0000-00-00 00:00:00'),
(453, 2, 6, 13, 17, 22, 1, 'napoleon/Napoleon Garden/ongccb.png', '0000-00-00 00:00:00'),
(454, 2, 6, 13, 18, 20, 1, 'napoleon/Napoleon Garden/ongcdh.png', '0000-00-00 00:00:00'),
(455, 2, 6, 13, 18, 21, 1, 'napoleon/Napoleon Garden/ongcds.png', '0000-00-00 00:00:00'),
(456, 2, 6, 13, 18, 22, 1, 'napoleon/Napoleon Garden/ongcdb.png', '0000-00-00 00:00:00'),
(457, 2, 6, 13, 19, 20, 1, 'napoleon/Napoleon Garden/ongcrh.png', '0000-00-00 00:00:00'),
(458, 2, 6, 13, 19, 21, 1, 'napoleon/Napoleon Garden/ongcrs.png', '0000-00-00 00:00:00'),
(459, 2, 6, 13, 19, 22, 1, 'napoleon/Napoleon Garden/ongcrb.png', '0000-00-00 00:00:00'),
(460, 2, 7, 11, 17, 20, 1, 'napoleon/Napoleon Garden/onmbch.png', '0000-00-00 00:00:00'),
(461, 2, 7, 11, 17, 21, 1, 'napoleon/Napoleon Garden/onmbcs.png', '0000-00-00 00:00:00'),
(462, 2, 7, 11, 17, 22, 1, 'napoleon/Napoleon Garden/onmbcb.png', '0000-00-00 00:00:00'),
(463, 2, 7, 11, 18, 20, 1, 'napoleon/Napoleon Garden/onmbdh.png', '0000-00-00 00:00:00'),
(464, 2, 7, 11, 18, 21, 1, 'napoleon/Napoleon Garden/onmbds.png', '0000-00-00 00:00:00'),
(465, 2, 7, 11, 18, 22, 1, 'napoleon/Napoleon Garden/onmbdb.png', '0000-00-00 00:00:00'),
(466, 2, 7, 11, 19, 20, 1, 'napoleon/Napoleon Garden/onmbrh.png', '0000-00-00 00:00:00'),
(467, 2, 7, 11, 19, 21, 1, 'napoleon/Napoleon Garden/onmbrs.png', '0000-00-00 00:00:00'),
(468, 2, 7, 11, 19, 22, 1, 'napoleon/Napoleon Garden/onmbrb.png', '0000-00-00 00:00:00'),
(469, 2, 7, 12, 17, 20, 1, 'napoleon/Napoleon Garden/onmmch.png', '0000-00-00 00:00:00'),
(470, 2, 7, 12, 17, 21, 1, 'napoleon/Napoleon Garden/onmmcs.png', '0000-00-00 00:00:00'),
(471, 2, 7, 12, 17, 22, 1, 'napoleon/Napoleon Garden/onmmcb.png', '0000-00-00 00:00:00'),
(472, 2, 7, 12, 18, 20, 1, 'napoleon/Napoleon Garden/onmmdh.png', '0000-00-00 00:00:00'),
(473, 2, 7, 12, 18, 21, 1, 'napoleon/Napoleon Garden/onmmds.png', '0000-00-00 00:00:00'),
(474, 2, 7, 12, 18, 22, 1, 'napoleon/Napoleon Garden/onmmdb.png', '0000-00-00 00:00:00'),
(475, 2, 7, 12, 19, 20, 1, 'napoleon/Napoleon Garden/onmmrh.png', '0000-00-00 00:00:00'),
(476, 2, 7, 12, 19, 21, 1, 'napoleon/Napoleon Garden/onmmrs.png', '0000-00-00 00:00:00'),
(477, 2, 7, 12, 19, 22, 1, 'napoleon/Napoleon Garden/onmmrb.png', '0000-00-00 00:00:00'),
(478, 2, 7, 13, 17, 20, 1, 'napoleon/Napoleon Garden/onmcch.png', '0000-00-00 00:00:00'),
(479, 2, 7, 13, 17, 21, 1, 'napoleon/Napoleon Garden/onmccs.png', '0000-00-00 00:00:00'),
(480, 2, 7, 13, 17, 22, 1, 'napoleon/Napoleon Garden/onmccb.png', '0000-00-00 00:00:00'),
(481, 2, 7, 13, 18, 20, 1, 'napoleon/Napoleon Garden/onmcdh.png', '0000-00-00 00:00:00'),
(482, 2, 7, 13, 18, 21, 1, 'napoleon/Napoleon Garden/onmcds.png', '0000-00-00 00:00:00'),
(483, 2, 7, 13, 18, 22, 1, 'napoleon/Napoleon Garden/onmcdb.png', '0000-00-00 00:00:00'),
(484, 2, 7, 13, 19, 20, 1, 'napoleon/Napoleon Garden/onmcrh.png', '0000-00-00 00:00:00'),
(485, 2, 7, 13, 19, 21, 1, 'napoleon/Napoleon Garden/onmcrs.png', '0000-00-00 00:00:00'),
(486, 2, 7, 13, 19, 22, 1, 'napoleon/Napoleon Garden/onmcrb.png', '0000-00-00 00:00:00'),
(487, 3, 5, 11, 17, 20, 1, 'napoleon/Napoleon Hall/lnrbch.png', '0000-00-00 00:00:00'),
(488, 3, 5, 11, 17, 21, 1, 'napoleon/Napoleon Hall/lnrbcs.png', '0000-00-00 00:00:00'),
(489, 3, 5, 11, 17, 22, 1, 'napoleon/Napoleon Hall/lnrbcb.png', '0000-00-00 00:00:00'),
(490, 3, 5, 11, 18, 20, 1, 'napoleon/Napoleon Hall/lnrbdh.png', '0000-00-00 00:00:00'),
(491, 3, 5, 11, 18, 21, 1, 'napoleon/Napoleon Hall/lnrbds.png', '0000-00-00 00:00:00'),
(492, 3, 5, 11, 18, 22, 1, 'napoleon/Napoleon Hall/lnrbdb.png', '0000-00-00 00:00:00'),
(493, 3, 5, 11, 19, 20, 1, 'napoleon/Napoleon Hall/lnrbrh.png', '0000-00-00 00:00:00'),
(494, 3, 5, 11, 19, 21, 1, 'napoleon/Napoleon Hall/lnrbrs.png', '0000-00-00 00:00:00'),
(495, 3, 5, 11, 19, 22, 1, 'napoleon/Napoleon Hall/lnrbrb.png', '0000-00-00 00:00:00'),
(496, 3, 5, 12, 17, 20, 1, 'napoleon/Napoleon Hall/lnrmch.png', '0000-00-00 00:00:00'),
(497, 3, 5, 12, 17, 21, 1, 'napoleon/Napoleon Hall/lnrmcs.png', '0000-00-00 00:00:00'),
(498, 3, 5, 12, 17, 22, 1, 'napoleon/Napoleon Hall/lnrmcb.png', '0000-00-00 00:00:00'),
(499, 3, 5, 12, 18, 20, 1, 'napoleon/Napoleon Hall/lnrmdh.png', '0000-00-00 00:00:00'),
(500, 3, 5, 12, 18, 21, 1, 'napoleon/Napoleon Hall/lnrmds.png', '0000-00-00 00:00:00'),
(501, 3, 5, 12, 18, 22, 1, 'napoleon/Napoleon Hall/lnrmdb.png', '0000-00-00 00:00:00'),
(502, 3, 5, 12, 19, 20, 1, 'napoleon/Napoleon Hall/lnrmrh.png', '0000-00-00 00:00:00'),
(503, 3, 5, 12, 19, 21, 1, 'napoleon/Napoleon Hall/lnrmrs.png', '0000-00-00 00:00:00'),
(504, 3, 5, 12, 19, 22, 1, 'napoleon/Napoleon Hall/lnrmrb.png', '0000-00-00 00:00:00'),
(505, 3, 5, 13, 17, 20, 1, 'napoleon/Napoleon Hall/lnrcch.png', '0000-00-00 00:00:00'),
(506, 3, 5, 13, 17, 21, 1, 'napoleon/Napoleon Hall/lnrccs.png', '0000-00-00 00:00:00'),
(507, 3, 5, 13, 17, 22, 1, 'napoleon/Napoleon Hall/lnrccb.png', '0000-00-00 00:00:00'),
(508, 3, 5, 13, 18, 20, 1, 'napoleon/Napoleon Hall/lnrcdh.png', '0000-00-00 00:00:00'),
(509, 3, 5, 13, 18, 21, 1, 'napoleon/Napoleon Hall/lnrcds.png', '0000-00-00 00:00:00'),
(510, 3, 5, 13, 18, 22, 1, 'napoleon/Napoleon Hall/lnrcdb.png', '0000-00-00 00:00:00'),
(511, 3, 5, 13, 19, 20, 1, 'napoleon/Napoleon Hall/lnrcrh.png', '0000-00-00 00:00:00'),
(512, 3, 5, 13, 19, 21, 1, 'napoleon/Napoleon Hall/lnrcrs.png', '0000-00-00 00:00:00'),
(513, 3, 5, 13, 19, 22, 1, 'napoleon/Napoleon Hall/lnrcrb.png', '0000-00-00 00:00:00'),
(514, 3, 6, 11, 17, 20, 1, 'napoleon/Napoleon Hall/lngbch.png', '0000-00-00 00:00:00'),
(515, 3, 6, 11, 17, 21, 1, 'napoleon/Napoleon Hall/lngbcs.png', '0000-00-00 00:00:00'),
(516, 3, 6, 11, 17, 22, 1, 'napoleon/Napoleon Hall/lngbcb.png', '0000-00-00 00:00:00'),
(517, 3, 6, 11, 18, 20, 1, 'napoleon/Napoleon Hall/lngbdh.png', '0000-00-00 00:00:00'),
(518, 3, 6, 11, 18, 21, 1, 'napoleon/Napoleon Hall/lngbds.png', '0000-00-00 00:00:00'),
(519, 3, 6, 11, 18, 22, 1, 'napoleon/Napoleon Hall/lngbdb.png', '0000-00-00 00:00:00'),
(520, 3, 6, 11, 19, 20, 1, 'napoleon/Napoleon Hall/lngbrh.png', '0000-00-00 00:00:00'),
(521, 3, 6, 11, 19, 21, 1, 'napoleon/Napoleon Hall/lngbrs.png', '0000-00-00 00:00:00'),
(522, 3, 6, 11, 19, 22, 1, 'napoleon/Napoleon Hall/lngbrb.png', '0000-00-00 00:00:00'),
(523, 3, 6, 12, 17, 20, 1, 'napoleon/Napoleon Hall/lngmch.png', '0000-00-00 00:00:00'),
(524, 3, 6, 12, 17, 21, 1, 'napoleon/Napoleon Hall/lngmcs.png', '0000-00-00 00:00:00'),
(525, 3, 6, 12, 17, 22, 1, 'napoleon/Napoleon Hall/lngmcb.png', '0000-00-00 00:00:00'),
(526, 3, 6, 12, 18, 20, 1, 'napoleon/Napoleon Hall/lngmdh.png', '0000-00-00 00:00:00'),
(527, 3, 6, 12, 18, 21, 1, 'napoleon/Napoleon Hall/lngmds.png', '0000-00-00 00:00:00'),
(528, 3, 6, 12, 18, 22, 1, 'napoleon/Napoleon Hall/lngmdb.png', '0000-00-00 00:00:00'),
(529, 3, 6, 12, 19, 20, 1, 'napoleon/Napoleon Hall/lngmrh.png', '0000-00-00 00:00:00'),
(530, 3, 6, 12, 19, 21, 1, 'napoleon/Napoleon Hall/lngmrs.png', '0000-00-00 00:00:00'),
(531, 3, 6, 12, 19, 22, 1, 'napoleon/Napoleon Hall/lngmrb.png', '0000-00-00 00:00:00'),
(532, 3, 6, 13, 17, 20, 1, 'napoleon/Napoleon Hall/lngcch.png', '0000-00-00 00:00:00'),
(533, 3, 6, 13, 17, 21, 1, 'napoleon/Napoleon Hall/lngccs.png', '0000-00-00 00:00:00'),
(534, 3, 6, 13, 17, 22, 1, 'napoleon/Napoleon Hall/lngccb.png', '0000-00-00 00:00:00'),
(535, 3, 6, 13, 18, 20, 1, 'napoleon/Napoleon Hall/lngcdh.png', '0000-00-00 00:00:00'),
(536, 3, 6, 13, 18, 21, 1, 'napoleon/Napoleon Hall/lngcds.png', '0000-00-00 00:00:00'),
(537, 3, 6, 13, 18, 22, 1, 'napoleon/Napoleon Hall/lngcdb.png', '0000-00-00 00:00:00'),
(538, 3, 6, 13, 19, 20, 1, 'napoleon/Napoleon Hall/lngcrh.png', '0000-00-00 00:00:00'),
(539, 3, 6, 13, 19, 21, 1, 'napoleon/Napoleon Hall/lngcrs.png', '0000-00-00 00:00:00'),
(540, 3, 6, 13, 19, 22, 1, 'napoleon/Napoleon Hall/lngcrb.png', '0000-00-00 00:00:00'),
(541, 3, 7, 11, 17, 20, 1, 'napoleon/Napoleon Hall/lnmbch.png', '0000-00-00 00:00:00'),
(542, 3, 7, 11, 17, 21, 1, 'napoleon/Napoleon Hall/lnmbcs.png', '0000-00-00 00:00:00'),
(543, 3, 7, 11, 17, 22, 1, 'napoleon/Napoleon Hall/lnmbcb.png', '0000-00-00 00:00:00'),
(544, 3, 7, 11, 18, 20, 1, 'napoleon/Napoleon Hall/lnmbdh.png', '0000-00-00 00:00:00'),
(545, 3, 7, 11, 18, 21, 1, 'napoleon/Napoleon Hall/lnmbds.png', '0000-00-00 00:00:00'),
(546, 3, 7, 11, 18, 22, 1, 'napoleon/Napoleon Hall/lnmbdb.png', '0000-00-00 00:00:00'),
(547, 3, 7, 11, 19, 20, 1, 'napoleon/Napoleon Hall/lnmbrh.png', '0000-00-00 00:00:00'),
(548, 3, 7, 11, 19, 21, 1, 'napoleon/Napoleon Hall/lnmbrs.png', '0000-00-00 00:00:00'),
(549, 3, 7, 11, 19, 22, 1, 'napoleon/Napoleon Hall/lnmbrb.png', '0000-00-00 00:00:00'),
(550, 3, 7, 12, 17, 20, 1, 'napoleon/Napoleon Hall/lnmmch.png', '0000-00-00 00:00:00'),
(551, 3, 7, 12, 17, 21, 1, 'napoleon/Napoleon Hall/lnmmcs.png', '0000-00-00 00:00:00'),
(552, 3, 7, 12, 17, 22, 1, 'napoleon/Napoleon Hall/lnmmcb.png', '0000-00-00 00:00:00'),
(553, 3, 7, 12, 18, 20, 1, 'napoleon/Napoleon Hall/lnmmdh.png', '0000-00-00 00:00:00'),
(554, 3, 7, 12, 18, 21, 1, 'napoleon/Napoleon Hall/lnmmds.png', '0000-00-00 00:00:00'),
(555, 3, 7, 12, 18, 22, 1, 'napoleon/Napoleon Hall/lnmmdb.png', '0000-00-00 00:00:00'),
(556, 3, 7, 12, 19, 20, 1, 'napoleon/Napoleon Hall/lnmmrh.png', '0000-00-00 00:00:00'),
(557, 3, 7, 12, 19, 21, 1, 'napoleon/Napoleon Hall/lnmmrs.png', '0000-00-00 00:00:00'),
(558, 3, 7, 12, 19, 22, 1, 'napoleon/Napoleon Hall/lnmmrb.png', '0000-00-00 00:00:00'),
(559, 3, 7, 13, 17, 20, 1, 'napoleon/Napoleon Hall/lnmcch.png', '0000-00-00 00:00:00'),
(560, 3, 7, 13, 17, 21, 1, 'napoleon/Napoleon Hall/lnmccs.png', '0000-00-00 00:00:00'),
(561, 3, 7, 13, 17, 22, 1, 'napoleon/Napoleon Hall/lnmccb.png', '0000-00-00 00:00:00'),
(562, 3, 7, 13, 18, 20, 1, 'napoleon/Napoleon Hall/lnmcdh.png', '0000-00-00 00:00:00'),
(563, 3, 7, 13, 18, 21, 1, 'napoleon/Napoleon Hall/lnmcds.png', '0000-00-00 00:00:00'),
(564, 3, 7, 13, 18, 22, 1, 'napoleon/Napoleon Hall/lnmcdb.png', '0000-00-00 00:00:00'),
(565, 3, 7, 13, 19, 20, 1, 'napoleon/Napoleon Hall/lnmcrh.png', '0000-00-00 00:00:00');
INSERT INTO `mapping` (`map_id`, `place_id`, `dress_id`, `crown_id`, `stage_id`, `props_id`, `character_id`, `image_path`, `createdtime`) VALUES
(566, 3, 7, 13, 19, 21, 1, 'napoleon/Napoleon Hall/lnmcrs.png', '0000-00-00 00:00:00'),
(567, 3, 7, 13, 19, 22, 1, 'napoleon/Napoleon Hall/lnmcrb.png', '0000-00-00 00:00:00'),
(568, 4, 5, 11, 17, 20, 1, 'napoleon/Napoleon Bed/bnrbch.png', '0000-00-00 00:00:00'),
(569, 4, 5, 11, 17, 21, 1, 'napoleon/Napoleon Bed/bnrbcs.png', '0000-00-00 00:00:00'),
(570, 4, 5, 11, 17, 22, 1, 'napoleon/Napoleon Bed/bnrbcb.png', '0000-00-00 00:00:00'),
(571, 4, 5, 11, 18, 20, 1, 'napoleon/Napoleon Bed/bnrbdh.png', '0000-00-00 00:00:00'),
(572, 4, 5, 11, 18, 21, 1, 'napoleon/Napoleon Bed/bnrbds.png', '0000-00-00 00:00:00'),
(573, 4, 5, 11, 18, 22, 1, 'napoleon/Napoleon Bed/bnrbdb.png', '0000-00-00 00:00:00'),
(574, 4, 5, 11, 19, 20, 1, 'napoleon/Napoleon Bed/bnrbrh.png', '0000-00-00 00:00:00'),
(575, 4, 5, 11, 19, 21, 1, 'napoleon/Napoleon Bed/bnrbrs.png', '0000-00-00 00:00:00'),
(576, 4, 5, 11, 19, 22, 1, 'napoleon/Napoleon Bed/bnrbrb.png', '0000-00-00 00:00:00'),
(577, 4, 5, 12, 17, 20, 1, 'napoleon/Napoleon Bed/bnrmch.png', '0000-00-00 00:00:00'),
(578, 4, 5, 12, 17, 21, 1, 'napoleon/Napoleon Bed/bnrmcs.png', '0000-00-00 00:00:00'),
(579, 4, 5, 12, 17, 22, 1, 'napoleon/Napoleon Bed/bnrmcb.png', '0000-00-00 00:00:00'),
(580, 4, 5, 12, 18, 20, 1, 'napoleon/Napoleon Bed/bnrmdh.png', '0000-00-00 00:00:00'),
(581, 4, 5, 12, 18, 21, 1, 'napoleon/Napoleon Bed/bnrmds.png', '0000-00-00 00:00:00'),
(582, 4, 5, 12, 18, 22, 1, 'napoleon/Napoleon Bed/bnrmdb.png', '0000-00-00 00:00:00'),
(583, 4, 5, 12, 19, 20, 1, 'napoleon/Napoleon Bed/bnrmrh.png', '0000-00-00 00:00:00'),
(584, 4, 5, 12, 19, 21, 1, 'napoleon/Napoleon Bed/bnrmrs.png', '0000-00-00 00:00:00'),
(585, 4, 5, 12, 19, 22, 1, 'napoleon/Napoleon Bed/bnrmrb.png', '0000-00-00 00:00:00'),
(586, 4, 5, 13, 17, 20, 1, 'napoleon/Napoleon Bed/bnrcch.png', '0000-00-00 00:00:00'),
(587, 4, 5, 13, 17, 21, 1, 'napoleon/Napoleon Bed/bnrccs.png', '0000-00-00 00:00:00'),
(588, 4, 5, 13, 17, 22, 1, 'napoleon/Napoleon Bed/bnrccb.png', '0000-00-00 00:00:00'),
(589, 4, 5, 13, 18, 20, 1, 'napoleon/Napoleon Bed/bnrcdh.png', '0000-00-00 00:00:00'),
(590, 4, 5, 13, 18, 21, 1, 'napoleon/Napoleon Bed/bnrcds.png', '0000-00-00 00:00:00'),
(591, 4, 5, 13, 18, 22, 1, 'napoleon/Napoleon Bed/bnrcdb.png', '0000-00-00 00:00:00'),
(592, 4, 5, 13, 19, 20, 1, 'napoleon/Napoleon Bed/bnrcrh.png', '0000-00-00 00:00:00'),
(593, 4, 5, 13, 19, 21, 1, 'napoleon/Napoleon Bed/bnrcrs.png', '0000-00-00 00:00:00'),
(594, 4, 5, 13, 19, 22, 1, 'napoleon/Napoleon Bed/bnrcrb.png', '0000-00-00 00:00:00'),
(595, 4, 6, 11, 17, 20, 1, 'napoleon/Napoleon Bed/bngbch.png', '0000-00-00 00:00:00'),
(596, 4, 6, 11, 17, 21, 1, 'napoleon/Napoleon Bed/bngbcs.png', '0000-00-00 00:00:00'),
(597, 4, 6, 11, 17, 22, 1, 'napoleon/Napoleon Bed/bngbcb.png', '0000-00-00 00:00:00'),
(598, 4, 6, 11, 18, 20, 1, 'napoleon/Napoleon Bed/bngbdh.png', '0000-00-00 00:00:00'),
(599, 4, 6, 11, 18, 21, 1, 'napoleon/Napoleon Bed/bngbds.png', '0000-00-00 00:00:00'),
(600, 4, 6, 11, 18, 22, 1, 'napoleon/Napoleon Bed/bngbdb.png', '0000-00-00 00:00:00'),
(601, 4, 6, 11, 19, 20, 1, 'napoleon/Napoleon Bed/bngbrh.png', '0000-00-00 00:00:00'),
(602, 4, 6, 11, 19, 21, 1, 'napoleon/Napoleon Bed/bngbrs.png', '0000-00-00 00:00:00'),
(603, 4, 6, 11, 19, 22, 1, 'napoleon/Napoleon Bed/bngbrb.png', '0000-00-00 00:00:00'),
(604, 4, 6, 12, 17, 20, 1, 'napoleon/Napoleon Bed/bngmch.png', '0000-00-00 00:00:00'),
(605, 4, 6, 12, 17, 21, 1, 'napoleon/Napoleon Bed/bngmcs.png', '0000-00-00 00:00:00'),
(606, 4, 6, 12, 17, 22, 1, 'napoleon/Napoleon Bed/bngmcb.png', '0000-00-00 00:00:00'),
(607, 4, 6, 12, 18, 20, 1, 'napoleon/Napoleon Bed/bngmdh.png', '0000-00-00 00:00:00'),
(608, 4, 6, 12, 18, 21, 1, 'napoleon/Napoleon Bed/bngmds.png', '0000-00-00 00:00:00'),
(609, 4, 6, 12, 18, 22, 1, 'napoleon/Napoleon Bed/bngmdb.png', '0000-00-00 00:00:00'),
(610, 4, 6, 12, 19, 20, 1, 'napoleon/Napoleon Bed/bngmrh.png', '0000-00-00 00:00:00'),
(611, 4, 6, 12, 19, 21, 1, 'napoleon/Napoleon Bed/bngmrs.png', '0000-00-00 00:00:00'),
(612, 4, 6, 12, 19, 22, 1, 'napoleon/Napoleon Bed/bngmrb.png', '0000-00-00 00:00:00'),
(613, 4, 6, 13, 17, 20, 1, 'napoleon/Napoleon Bed/bngcch.png', '0000-00-00 00:00:00'),
(614, 4, 6, 13, 17, 21, 1, 'napoleon/Napoleon Bed/bngccs.png', '0000-00-00 00:00:00'),
(615, 4, 6, 13, 17, 22, 1, 'napoleon/Napoleon Bed/bngccb.png', '0000-00-00 00:00:00'),
(616, 4, 6, 13, 18, 20, 1, 'napoleon/Napoleon Bed/bngcdh.png', '0000-00-00 00:00:00'),
(617, 4, 6, 13, 18, 21, 1, 'napoleon/Napoleon Bed/bngcds.png', '0000-00-00 00:00:00'),
(618, 4, 6, 13, 18, 22, 1, 'napoleon/Napoleon Bed/bngcdb.png', '0000-00-00 00:00:00'),
(619, 4, 6, 13, 19, 20, 1, 'napoleon/Napoleon Bed/bngcrh.png', '0000-00-00 00:00:00'),
(620, 4, 6, 13, 19, 21, 1, 'napoleon/Napoleon Bed/bngcrs.png', '0000-00-00 00:00:00'),
(621, 4, 6, 13, 19, 22, 1, 'napoleon/Napoleon Bed/bngcrb.png', '0000-00-00 00:00:00'),
(622, 4, 7, 11, 17, 20, 1, 'napoleon/Napoleon Bed/bnmbch.png', '0000-00-00 00:00:00'),
(623, 4, 7, 11, 17, 21, 1, 'napoleon/Napoleon Bed/bnmbcs.png', '0000-00-00 00:00:00'),
(624, 4, 7, 11, 17, 22, 1, 'napoleon/Napoleon Bed/bnmbcb.png', '0000-00-00 00:00:00'),
(625, 4, 7, 11, 18, 20, 1, 'napoleon/Napoleon Bed/bnmbdh.png', '0000-00-00 00:00:00'),
(626, 4, 7, 11, 18, 21, 1, 'napoleon/Napoleon Bed/bnmbds.png', '0000-00-00 00:00:00'),
(627, 4, 7, 11, 18, 22, 1, 'napoleon/Napoleon Bed/bnmbdb.png', '0000-00-00 00:00:00'),
(628, 4, 7, 11, 19, 20, 1, 'napoleon/Napoleon Bed/bnmbrh.png', '0000-00-00 00:00:00'),
(629, 4, 7, 11, 19, 21, 1, 'napoleon/Napoleon Bed/bnmbrs.png', '0000-00-00 00:00:00'),
(630, 4, 7, 11, 19, 22, 1, 'napoleon/Napoleon Bed/bnmbrb.png', '0000-00-00 00:00:00'),
(631, 4, 7, 12, 17, 20, 1, 'napoleon/Napoleon Bed/bnmmch.png', '0000-00-00 00:00:00'),
(632, 4, 7, 12, 17, 21, 1, 'napoleon/Napoleon Bed/bnmmcs.png', '0000-00-00 00:00:00'),
(633, 4, 7, 12, 17, 22, 1, 'napoleon/Napoleon Bed/bnmmcb.png', '0000-00-00 00:00:00'),
(634, 4, 7, 12, 18, 20, 1, 'napoleon/Napoleon Bed/bnmmdh.png', '0000-00-00 00:00:00'),
(635, 4, 7, 12, 18, 21, 1, 'napoleon/Napoleon Bed/bnmmds.png', '0000-00-00 00:00:00'),
(636, 4, 7, 12, 18, 22, 1, 'napoleon/Napoleon Bed/bnmmdb.png', '0000-00-00 00:00:00'),
(637, 4, 7, 12, 19, 20, 1, 'napoleon/Napoleon Bed/bnmmrh.png', '0000-00-00 00:00:00'),
(638, 4, 7, 12, 19, 21, 1, 'napoleon/Napoleon Bed/bnmmrs.png', '0000-00-00 00:00:00'),
(639, 4, 7, 12, 19, 22, 1, 'napoleon/Napoleon Bed/bnmmrb.png', '0000-00-00 00:00:00'),
(640, 4, 7, 13, 17, 20, 1, 'napoleon/Napoleon Bed/bnmcch.png', '0000-00-00 00:00:00'),
(641, 4, 7, 13, 17, 21, 1, 'napoleon/Napoleon Bed/bnmccs.png', '0000-00-00 00:00:00'),
(642, 4, 7, 13, 17, 22, 1, 'napoleon/Napoleon Bed/bnmccb.png', '0000-00-00 00:00:00'),
(643, 4, 7, 13, 18, 20, 1, 'napoleon/Napoleon Bed/bnmcdh.png', '0000-00-00 00:00:00'),
(644, 4, 7, 13, 18, 21, 1, 'napoleon/Napoleon Bed/bnmcds.png', '0000-00-00 00:00:00'),
(645, 4, 7, 13, 18, 22, 1, 'napoleon/Napoleon Bed/bnmcdb.png', '0000-00-00 00:00:00'),
(646, 4, 7, 13, 19, 20, 1, 'napoleon/Napoleon Bed/bnmcrh.png', '0000-00-00 00:00:00'),
(647, 4, 7, 13, 19, 21, 1, 'napoleon/Napoleon Bed/bnmcrs.png', '0000-00-00 00:00:00'),
(648, 4, 7, 13, 19, 22, 1, 'napoleon/Napoleon Bed/bnmcrb.png', '0000-00-00 00:00:00');

-- --------------------------------------------------------

--
-- Table structure for table `napoleon_characters`
--

CREATE TABLE `napoleon_characters` (
  `character_id` bigint(20) NOT NULL,
  `character_name` varchar(255) NOT NULL
) ENGINE=InnoDB DEFAULT CHARSET=latin1;

--
-- Dumping data for table `napoleon_characters`
--

INSERT INTO `napoleon_characters` (`character_id`, `character_name`) VALUES
(1, 'Napoleon'),
(2, 'Josephine'),
(3, 'Both');

-- --------------------------------------------------------

--
-- Table structure for table `paytm`
--

CREATE TABLE `paytm` (
  `ID` bigint(255) NOT NULL,
  `ORDER_ID` varchar(255) NOT NULL,
  `TXNID` varchar(255) NOT NULL,
  `TXN_AMOUNT` varchar(10255) NOT NULL,
  `PAYMENT_MODE` varchar(255) NOT NULL,
  `CURRENCY` varchar(10255) NOT NULL,
  `TXN_DATE` datetime NOT NULL,
  `STATUS` varchar(255) NOT NULL,
  `GATEWAY_NAME` varchar(255) NOT NULL,
  `BANK_TXNID` varchar(255) NOT NULL,
  `BANKNAME` varchar(255) NOT NULL,
  `CHECKSUMHASH` varchar(255) NOT NULL
) ENGINE=MyISAM DEFAULT CHARSET=latin1;

--
-- Dumping data for table `paytm`
--

INSERT INTO `paytm` (`ID`, `ORDER_ID`, `TXNID`, `TXN_AMOUNT`, `PAYMENT_MODE`, `CURRENCY`, `TXN_DATE`, `STATUS`, `GATEWAY_NAME`, `BANK_TXNID`, `BANKNAME`, `CHECKSUMHASH`) VALUES
(1, 'ORDS61915901', '20191022111212800110168523200957943', '20.00', 'DC', 'INR', '2019-10-22 16:08:34', 'TXN_SUCCESS', 'HDFC', '777001525264921', 'Bank', 'RlrfDCA+7Dz87QfOu0Ooi/RsLrUmkCLwEmemebo2PyMw4RVkjF8sFN4RbQsyM6WLQvfSIa1EvjxZJMPDqONzMLqlpV0JiIp3nT8EiBkbJvM=');

-- --------------------------------------------------------

--
-- Table structure for table `portrait`
--

CREATE TABLE `portrait` (
  `portrait_id` bigint(20) NOT NULL,
  `map_id` bigint(20) NOT NULL,
  `email_id` varchar(255) NOT NULL,
  `image_path` varchar(255) NOT NULL,
  `start_datetime` datetime NOT NULL,
  `end_datetime` datetime NOT NULL,
  `createddate` datetime NOT NULL,
  `modifieddate` datetime NOT NULL
) ENGINE=InnoDB DEFAULT CHARSET=latin1;

-- --------------------------------------------------------

--
-- Table structure for table `setting`
--

CREATE TABLE `setting` (
  `settingid` int(11) NOT NULL,
  `settingname` varchar(50) NOT NULL,
  `settingvalue` varchar(255) NOT NULL,
  `editip` varchar(20) NOT NULL,
  `editdatetime` datetime NOT NULL,
  `timestamp` timestamp NOT NULL DEFAULT CURRENT_TIMESTAMP
) ENGINE=InnoDB DEFAULT CHARSET=utf8;

--
-- Dumping data for table `setting`
--

INSERT INTO `setting` (`settingid`, `settingname`, `settingvalue`, `editip`, `editdatetime`, `timestamp`) VALUES
(1, 'App Name', 'napoleon1', '127.0.0.1', '2015-08-10 08:13:38', '2015-06-27 21:42:40'),
(2, 'Owner Name', 'Administrator', '127.0.0.1', '2015-08-10 08:11:11', '2015-06-27 23:33:32'),
(6, 'Email', 'nimesh@ashapurasoftech.com', '127.0.0.1', '2015-08-10 08:11:11', '2015-11-24 19:34:09');

-- --------------------------------------------------------

--
-- Table structure for table `stage`
--

CREATE TABLE `stage` (
  `id` bigint(20) NOT NULL,
  `stage_id` int(11) NOT NULL,
  `stage_title` varchar(255) NOT NULL,
  `stage_desc` text NOT NULL,
  `stage_image` varchar(255) NOT NULL,
  `character_id` int(11) NOT NULL,
  `createddate` datetime NOT NULL,
  `modifieddate` datetime NOT NULL
) ENGINE=InnoDB DEFAULT CHARSET=latin1;

--
-- Dumping data for table `stage`
--

INSERT INTO `stage` (`id`, `stage_id`, `stage_title`, `stage_desc`, `stage_image`, `character_id`, `createddate`, `modifieddate`) VALUES
(3, 5, 'Hall of Diana, Fontainebleau', 'The books and paintings of mythological scenes in this grand hall communicate your education and understanding of the world and its history. Select this background to convey that knowledge is your path to power!', 'Hall_of_Diana,_Fontainebleau_PRO_1556103414.jpg', 3, '2018-08-30 10:08:36', '2019-04-24 12:56:54'),
(4, 1, 'Emperors Bedchamber, Fontainebleau', 'Napoleons bedchamber\nwas a luxurious personal\nsanctuary. Previous French\nkings held ceremonies\nopen to the court in\ntheir bedchamber, but\nNapoleon abolished the\ncustom. Strike a pose here\nto convey the power of\nprivacy.', 'Place_4_PRO_1535705593.png', 3, '2018-08-31 02:23:13', '2018-08-31 12:05:16'),
(6, 2, 'Colonel of the Imperial Guard', 'Strike Napoleons most\niconic pose with your\nhand tucked inside your\njacket; a gesture that\ncommunicates calm and\nstable leadership. This\nuniform for a regiment of\nlight cavalrymen was one\nof Napoleons favorites.', 'Dress_2_PRO_1535709453.png', 1, '2018-08-31 03:27:33', '2018-08-31 12:07:27'),
(7, 2, 'Consul of the Republic Uniform', 'Exercise your military\nmuscle! Napoleon\nrose to power through\nhis military exploits.\nCommunicate your\nstrength and capacity\nfor strategic thinking in\nthe dashing red jacket\nNapoleon wore as Consul\nof the Republic.', 'Dress_3_PRO_1535709523.png', 1, '2018-08-31 03:28:43', '2018-08-31 12:07:45'),
(8, 2, 'Josephines Coronation Robes', 'Transform yourself into\nan empress in this regal\nsilk ensemble! Elements\nof the past such as the\nhigh collar worn by Marie\nde Mdicis upon her\ncoronation, provided\nprecedent that Josephine\nhad the right to rule!', 'Dress_4_PRO_1535709578.png', 2, '2018-08-31 03:29:38', '2018-08-31 12:09:17'),
(9, 2, 'Roman Revival', 'Tailor made for power!\nWhen Josephines\ntailor LeRoy designed\nthe empire gown, he\nlooked to ancient Rome\nfor inspiration. A column\nof white fabric, LeRoys\ndesigns made women\nlook like marble statues', 'Dress_5_PRO_1535709620.png', 2, '2018-08-31 03:30:20', '2018-08-31 12:09:45'),
(10, 2, 'Shawly Divine!', 'Are you a trendsetter?\nRare and highly sought\nafter, shawls were made\nof the finest materials,\nin particular, imported\ncashmere. Renowned\nfashionista Josephine\nwas one of the first to\nwear one.', 'Dress_6_PRO_1535709789.png', 2, '2018-08-31 03:33:09', '2018-08-31 12:10:00'),
(11, 3, 'An Iconic Look', 'Dare to be different!\nConvention dictated that\nindividuals wear bicorne\nhats with their corners\npointing forward and\nbackward. To ensure he\nwas instantly identifiable\non the battlefield,\nNapoleon wore his\nsideways.', 'Crown_1_PRO_1535709840.png', 1, '2018-08-31 03:34:00', '2018-08-31 12:08:10'),
(12, 3, 'Military Splendor', 'Military might!\nNapoleon wore this\ngold-trimmed bicorne\nhat when he crossed the\nalps with his soldiers to\nvanquish the Austrians\nin the Battle of Marengo\nthereby securing his grip\non power.', 'Crown_2_PRO_1535709859.png', 1, '2018-08-31 03:34:19', '2018-08-31 12:08:25'),
(13, 3, 'Laurel Crown', 'God complex:\nNapoleon adopted a gold\nlaurel-leaf crown linking\nhim to Roman dictator\nJulius Caesar and the\nancient Greek god Apollo.\nBoth were declared\ngods by their people;\nan allusion not lost on\nNapoleon.', 'Crown_3_PRO_1535709881.png', 1, '2018-08-31 03:34:41', '2018-08-31 12:08:46'),
(14, 3, 'Trendsetting Tiara', 'Tiaras anyone?\nJosephine popularized\nthe tiara, an ornamental\ncrown inspired by ancient\nGreece and Rome, in the\nearly 1800s. It remains\na fashionable accessory\ntoday.', 'Crown_4_PRO_1535709917.png', 2, '2018-08-31 03:35:17', '2018-08-31 12:10:19'),
(15, 3, 'Boho Chic', 'Ancient accessory:\nflower crowns were\ncommon in ancient Greece\nand Rome. Worn to honor\nthe gods, especially Flora,\ngoddess of flowers, it also\ncarries associations of\nrebirth and fertility.', 'Crown_5_PRO_1535709934.png', 2, '2018-08-31 03:35:34', '2018-08-31 12:10:37'),
(16, 3, 'Select headgear', 'Tap the hats and crowns\nto learn how they convey\nyour regal identity.\nPress SELECT to add the\nhighlighted headgear to\nyour portrait.', 'Crown_6_PRO_1535709955.png', 2, '2018-08-31 03:35:55', '2018-08-31 12:10:50'),
(17, 4, 'Swagger Curtain', 'Make your portrait\nmagnificent. Lavish\ncurtains provide visual\ndrama, setting off your\npose and accessories\nto maximum effect.\nSince the 1600s, no\npower portrait has been\ncomplete without one.', 'Stage_1_PRO_1535710002.png', 3, '2018-08-31 03:36:42', '2018-08-31 12:11:05'),
(18, 4, 'Statesmans Desk', 'Cluttered with\ndocuments, quills, and\nink, this desk reflects\nyour intellectual and\npolitical endeavors.\nAdd it to your portrait\nto highlight your\nbrain power and many\nresponsibilities as head\nof state.', 'Stage_2_PRO_1535710024.png', 3, '2018-08-31 03:37:04', '2018-08-31 12:11:19'),
(19, 4, 'Royal Regalia', 'Worn only on ceremonial\noccasions, a royal\ncrown is the ultimate\nexpression of authority.\nAdd a crown on a velvet\ncushion embroidered\nwith Napoleons imperial\nsymbol, the bee, to\nadvertise your regal role.', 'Stage_3_PRO_1535710048.png', 3, '2018-08-31 03:37:28', '2018-08-31 12:11:33'),
(20, 5, 'Cultural Capital', 'Mastering an instrument\nrequires diligence\nand finesse. Include a\nharp, decorated with an\nimperial eagle symbol,\nto indicate your skill\nand royal status. Talent\nis a powerful quality to\npossess!', 'Props_1_PRO_1535710247.png', 3, '2018-08-31 03:40:47', '2018-08-31 12:11:47'),
(21, 5, 'Right to Rule', 'Add an accessory for the\nages to your portrait.\nScepters, or ceremonial\nstaffs, have signified\nauthority for millennia.\nNapoleons eagle-topped\nscepter was modeled\non ones used by the\nemperors of ancient\nRome.', 'Props_2_PRO_1535710266.png', 3, '2018-08-31 03:41:06', '2018-08-31 12:12:03'),
(22, 5, 'All Road Lead to Rome', 'Evoking the great rulers\nof the past is a sure path\nto a powerful portrait.\nAdd an antique bust of\nHadrian to align yourself\nwith one of the Good\nEmperors of Rome.', 'Props_3_PRO_1535710285.png', 3, '2018-08-31 03:41:25', '2018-08-31 12:12:17'),
(23, 1, 'Testing data while adding', 'hii it a testing', '', 2, '2018-10-29 08:11:35', '0000-00-00 00:00:00'),
(24, 2, 'Testing data while adding', 'vfsgfdgcvbvbnchnbcvnbnvn', '', 1, '2018-10-29 08:18:47', '0000-00-00 00:00:00'),
(25, 2, 'Testing data while adding', 'vfsgfdgcvbvbnchnbcvnbnvn', '', 1, '2018-10-29 08:19:28', '0000-00-00 00:00:00'),
(26, 2, 'Testing data while adding', 'vfsgfdgcvbvbnchnbcvnbnvn', '', 1, '2018-10-29 08:24:18', '0000-00-00 00:00:00'),
(27, 2, 'Testing data while adding', 'vfsgfdgcvbvbnchnbcvnbnvn', '', 1, '2018-10-29 08:25:19', '0000-00-00 00:00:00'),
(28, 2, 'Testing data while adding', 'vfsgfdgcvbvbnchnbcvnbnvn', '', 1, '2018-10-29 08:26:07', '0000-00-00 00:00:00'),
(29, 1, 'Testing data while adding', 'hii it a testing', '', 2, '2018-10-29 08:31:11', '0000-00-00 00:00:00');

-- --------------------------------------------------------

--
-- Table structure for table `stages`
--

CREATE TABLE `stages` (
  `stages_id` bigint(20) NOT NULL,
  `stage_name` varchar(255) NOT NULL,
  `createddate` datetime NOT NULL
) ENGINE=InnoDB DEFAULT CHARSET=latin1;

--
-- Dumping data for table `stages`
--

INSERT INTO `stages` (`stages_id`, `stage_name`, `createddate`) VALUES
(1, 'Place', '0000-00-00 00:00:00'),
(2, 'Dress', '0000-00-00 00:00:00'),
(3, 'Crown', '0000-00-00 00:00:00'),
(4, 'Stage', '0000-00-00 00:00:00'),
(5, 'Props', '0000-00-00 00:00:00');

-- --------------------------------------------------------

--
-- Table structure for table `token`
--

CREATE TABLE `token` (
  `id` int(11) NOT NULL,
  `token` varchar(255) NOT NULL
) ENGINE=InnoDB DEFAULT CHARSET=latin1;

--
-- Dumping data for table `token`
--

INSERT INTO `token` (`id`, `token`) VALUES
(1, 'bcdfghjkmnpqrstvzBCDFGHJKLMNPQRSTVWXZaeiouyAEIOUY!@');

-- --------------------------------------------------------

--
-- Table structure for table `user`
--

CREATE TABLE `user` (
  `id` int(11) NOT NULL,
  `v_firstname` varchar(255) NOT NULL,
  `v_lastname` varchar(255) NOT NULL,
  `v_email` varchar(255) NOT NULL,
  `i_mobile` bigint(11) NOT NULL,
  `e_gender` enum('male','female') NOT NULL,
  `v_class` varchar(255) NOT NULL,
  `v_hobby` varchar(255) NOT NULL,
  `user_image` varchar(255) NOT NULL,
  `adminemail` varchar(255) NOT NULL,
  `adminpassword` varchar(255) NOT NULL
) ENGINE=InnoDB DEFAULT CHARSET=latin1;

--
-- Dumping data for table `user`
--

INSERT INTO `user` (`id`, `v_firstname`, `v_lastname`, `v_email`, `i_mobile`, `e_gender`, `v_class`, `v_hobby`, `user_image`, `adminemail`, `adminpassword`) VALUES
(6, 'my', 'name', 'aspl2@gmail.com', 2147483647, 'male', 'BSc.IT', 'reading,cricket,orange,apple,pineapple,grape', '_PRO_1578042869.jpg', 'aspl1@gmail.com', 'cc03e747a6afbbcbf8be7668acfebee5'),
(7, 'aspl', 'test', 'aspl2@gmail.com', 2147483647, 'male', 'be', 'chess', '_PRO_1578036174.jpg', 'aspl2@gmail.com', 'cc03e747a6afbbcbf8be7668acfebee5'),
(9, 'k', 'p', 'kpsahani@yopmail.com', 9876543210, 'male', 'B.E.', 'apple,pineapple', '_PRO_1578043230.png', 'kpsahani@yopmail.com', '8affe26232203737ca7887ff077d6bf4');

-- --------------------------------------------------------

--
-- Table structure for table `users`
--

CREATE TABLE `users` (
  `id` bigint(20) NOT NULL,
  `fullname` varchar(255) NOT NULL,
  `username` varchar(255) NOT NULL,
  `email` varchar(255) NOT NULL,
  `password` varchar(255) NOT NULL,
  `avtar` varchar(255) NOT NULL
) ENGINE=InnoDB DEFAULT CHARSET=latin1;

--
-- Indexes for dumped tables
--

--
-- Indexes for table `admin`
--
ALTER TABLE `admin`
  ADD PRIMARY KEY (`adminid`),
  ADD KEY `admin_role_id` (`admin_role_id`);

--
-- Indexes for table `admin_role`
--
ALTER TABLE `admin_role`
  ADD PRIMARY KEY (`role_id`);

--
-- Indexes for table `lead`
--
ALTER TABLE `lead`
  ADD PRIMARY KEY (`id`);

--
-- Indexes for table `mail_templates`
--
ALTER TABLE `mail_templates`
  ADD PRIMARY KEY (`id`);

--
-- Indexes for table `mapping`
--
ALTER TABLE `mapping`
  ADD PRIMARY KEY (`map_id`);

--
-- Indexes for table `napoleon_characters`
--
ALTER TABLE `napoleon_characters`
  ADD PRIMARY KEY (`character_id`);

--
-- Indexes for table `paytm`
--
ALTER TABLE `paytm`
  ADD PRIMARY KEY (`ID`);

--
-- Indexes for table `portrait`
--
ALTER TABLE `portrait`
  ADD PRIMARY KEY (`portrait_id`);

--
-- Indexes for table `setting`
--
ALTER TABLE `setting`
  ADD PRIMARY KEY (`settingid`);

--
-- Indexes for table `stage`
--
ALTER TABLE `stage`
  ADD PRIMARY KEY (`id`);

--
-- Indexes for table `stages`
--
ALTER TABLE `stages`
  ADD PRIMARY KEY (`stages_id`);

--
-- Indexes for table `token`
--
ALTER TABLE `token`
  ADD PRIMARY KEY (`id`);

--
-- Indexes for table `user`
--
ALTER TABLE `user`
  ADD PRIMARY KEY (`id`);

--
-- Indexes for table `users`
--
ALTER TABLE `users`
  ADD PRIMARY KEY (`id`);

--
-- AUTO_INCREMENT for dumped tables
--

--
-- AUTO_INCREMENT for table `admin`
--
ALTER TABLE `admin`
  MODIFY `adminid` int(11) NOT NULL AUTO_INCREMENT, AUTO_INCREMENT=2;

--
-- AUTO_INCREMENT for table `admin_role`
--
ALTER TABLE `admin_role`
  MODIFY `role_id` int(11) NOT NULL AUTO_INCREMENT, AUTO_INCREMENT=3;

--
-- AUTO_INCREMENT for table `lead`
--
ALTER TABLE `lead`
  MODIFY `id` int(11) NOT NULL AUTO_INCREMENT, AUTO_INCREMENT=25;

--
-- AUTO_INCREMENT for table `mail_templates`
--
ALTER TABLE `mail_templates`
  MODIFY `id` bigint(20) NOT NULL AUTO_INCREMENT, AUTO_INCREMENT=2;

--
-- AUTO_INCREMENT for table `mapping`
--
ALTER TABLE `mapping`
  MODIFY `map_id` bigint(20) NOT NULL AUTO_INCREMENT, AUTO_INCREMENT=649;

--
-- AUTO_INCREMENT for table `napoleon_characters`
--
ALTER TABLE `napoleon_characters`
  MODIFY `character_id` bigint(20) NOT NULL AUTO_INCREMENT, AUTO_INCREMENT=4;

--
-- AUTO_INCREMENT for table `paytm`
--
ALTER TABLE `paytm`
  MODIFY `ID` bigint(255) NOT NULL AUTO_INCREMENT, AUTO_INCREMENT=2;

--
-- AUTO_INCREMENT for table `portrait`
--
ALTER TABLE `portrait`
  MODIFY `portrait_id` bigint(20) NOT NULL AUTO_INCREMENT;

--
-- AUTO_INCREMENT for table `setting`
--
ALTER TABLE `setting`
  MODIFY `settingid` int(11) NOT NULL AUTO_INCREMENT, AUTO_INCREMENT=7;

--
-- AUTO_INCREMENT for table `stage`
--
ALTER TABLE `stage`
  MODIFY `id` bigint(20) NOT NULL AUTO_INCREMENT, AUTO_INCREMENT=30;

--
-- AUTO_INCREMENT for table `stages`
--
ALTER TABLE `stages`
  MODIFY `stages_id` bigint(20) NOT NULL AUTO_INCREMENT, AUTO_INCREMENT=6;

--
-- AUTO_INCREMENT for table `token`
--
ALTER TABLE `token`
  MODIFY `id` int(11) NOT NULL AUTO_INCREMENT, AUTO_INCREMENT=2;

--
-- AUTO_INCREMENT for table `user`
--
ALTER TABLE `user`
  MODIFY `id` int(11) NOT NULL AUTO_INCREMENT, AUTO_INCREMENT=10;

--
-- AUTO_INCREMENT for table `users`
--
ALTER TABLE `users`
  MODIFY `id` bigint(20) NOT NULL AUTO_INCREMENT;

--
-- Constraints for dumped tables
--

--
-- Constraints for table `admin`
--
ALTER TABLE `admin`
  ADD CONSTRAINT `admin_ibfk_1` FOREIGN KEY (`admin_role_id`) REFERENCES `admin_role` (`role_id`) ON DELETE CASCADE ON UPDATE NO ACTION;
COMMIT;

/*!40101 SET CHARACTER_SET_CLIENT=@OLD_CHARACTER_SET_CLIENT */;
/*!40101 SET CHARACTER_SET_RESULTS=@OLD_CHARACTER_SET_RESULTS */;
/*!40101 SET COLLATION_CONNECTION=@OLD_COLLATION_CONNECTION */;
